USE `danydonatt_polih`;
-- MySQL dump 10.13  Distrib 5.5.46, for debian-linux-gnu (i686)
--
-- Host: 127.0.0.1    Database: polihimstroy
-- ------------------------------------------------------
-- Server version	5.5.46-0ubuntu0.14.04.2

/*!40101 SET @OLD_CHARACTER_SET_CLIENT=@@CHARACTER_SET_CLIENT */;
/*!40101 SET @OLD_CHARACTER_SET_RESULTS=@@CHARACTER_SET_RESULTS */;
/*!40101 SET @OLD_COLLATION_CONNECTION=@@COLLATION_CONNECTION */;
/*!40101 SET NAMES utf8 */;
/*!40103 SET @OLD_TIME_ZONE=@@TIME_ZONE */;
/*!40103 SET TIME_ZONE='+00:00' */;
/*!40014 SET @OLD_UNIQUE_CHECKS=@@UNIQUE_CHECKS, UNIQUE_CHECKS=0 */;
/*!40014 SET @OLD_FOREIGN_KEY_CHECKS=@@FOREIGN_KEY_CHECKS, FOREIGN_KEY_CHECKS=0 */;
/*!40101 SET @OLD_SQL_MODE=@@SQL_MODE, SQL_MODE='NO_AUTO_VALUE_ON_ZERO' */;
/*!40111 SET @OLD_SQL_NOTES=@@SQL_NOTES, SQL_NOTES=0 */;

--
-- Table structure for table `Article`
--

DROP TABLE IF EXISTS `Article`;
/*!40101 SET @saved_cs_client     = @@character_set_client */;
/*!40101 SET character_set_client = utf8 */;
CREATE TABLE `Article` (
  `id` int(11) NOT NULL AUTO_INCREMENT,
  `Text` longtext COLLATE utf8_unicode_ci,
  `OwnerUrl` varchar(200) COLLATE utf8_unicode_ci DEFAULT NULL,
  `KeyWord_id` int(11) DEFAULT NULL,
  PRIMARY KEY (`id`),
  KEY `Article_KeyWord_id_f3612dd9_uniq` (`KeyWord_id`),
  CONSTRAINT `Article_KeyWord_id_f3612dd9_fk_KeyWord_id` FOREIGN KEY (`KeyWord_id`) REFERENCES `KeyWord` (`id`)
) ENGINE=InnoDB AUTO_INCREMENT=37 DEFAULT CHARSET=utf8 COLLATE=utf8_unicode_ci;
/*!40101 SET character_set_client = @saved_cs_client */;

--
-- Dumping data for table `Article`
--

LOCK TABLES `Article` WRITE;
/*!40000 ALTER TABLE `Article` DISABLE KEYS */;
INSERT INTO `Article` VALUES (1,'Применение\r\n\r\nПродукт может найти применение в качестве растворителя в лакокрасочной промышленности, компонента моторных топлив, а также для выделения бензола и толуола.\r\n\r\nКомпоненты продукта имеют регистрацию по REACH\r\nRON = 115, MON 103\r\nRVP = 2.9 KPa\r\nПлотность = 870 кг/м3\r\nTotal sulphur = less than 100 ppm\r\nБензол = 20%\r\nКод ТНВЭД определяется в зависимости от целей использования.\r\nБензол для топлива	\r\n \r\n\r\n2707101000\r\nБензол для прочих целей	\r\n \r\n\r\n2707109000\r\nТолуол для топлива	\r\n \r\n\r\n2707201000\r\nТолуол для прочих целей	\r\n \r\n\r\n2707209000','http://www.sibur-int.ru/product/hydrocarbons/catalog/item788.php?print=Y',1),(2,'Бензол-толуольная фракция (бентол) – высокооктановая ароматическая добавка к прямогонным бензинам.\r\nБентол – растворитель нефтяной ТУ 2458-001-98803446-2013 октановое число 103 единицы по моторному методу, запах характерный бензину.\r\nПаспорт\r\n№	Наименование показателя	Норма по ТУ	Показатели партии\r\n1	Внешний вид	Прозрачная жидкость светлого цвета	Прозрачная жидкость светло-желтого цвета\r\n2	Плотность при 20 0С, г/см3	0,650-0,950	0,854\r\n3	Температура застывания не ниже, 0С	-30	-38\r\n4 Кинематическая вязкость при 20 0С, не более, мм2/с	15	2,1\r\n5	Температура начала кипения, не ниже, 0С	30	82\r\n6	Испаряется до 185 0С, не менее, %	70	111\r\n7	Конец кипения, не выше, 0С	290	129\r\n8	Объемная доля бензола, %	10,0-20,0	11,7 \r\n9	Объемная доля толуола, %	50,0-70,0	63,7\r\nГрупповой состав:	\r\n10	Объемная доля парафинов (алканов), %	0,5-1,5	1,0\r\n11	Объемная доля изопарафинов , %	2,5-5,0	3,7\r\n12	Объемная доля ароматических углеводородов, %	60,0-80,0	76,1\r\n13	Объемная доля нафтенов, %	10,0-20,0	10,6\r\n14	Объемная доля олефинов, %	2,0-10,0	4,4\r\n15	Объемная доля оксигенатов, %	отсутствие\r\n16	Октановое число по исследовательскому методу	104\r\nПроизводитель гарантирует стабильность показателей качества в течение 1 года, при соблюдении условий хранения.\r\nОтгрузка производится авто наливом.\r\nВозможность с нашей стороны доставки бензовозами объемом 40,230; 35,180; 23,330; 16,700; 6,720 кубов.\r\nНорма ввода: на 1 тонну топлива 2-10 % Октан + не менее 6-15 ед.','http://www.toplivopromprisadki.ru/benzol-toluol.php',3),(3,'Технические характеристики\r\n\r\nНаименование \r\nпоказателя\r\nНорма\r\n1 Внешний вид\r\nБесцветная или слабожелтая \r\nжидкость\r\n\r\n2 Плотность при 20 0С, г/см3\r\n\r\n0,867 – 0,873\r\n\r\n3 Массовая доля компонентов, %:\r\n- бензола\r\n- толуола\r\n - этилбензола и стирола, не более\r\n\r\n\r\n20,0 – 50,0\r\n50,0 – 80,0\r\n6,0','http://www.oilforum.ru/topic/66619-%D0%BE%D0%B1%D0%BE%D1%80%D1%83%D0%B4%D0%BE%D0%B2%D0%B0%D0%BD%D0%B8%D0%B5-%D0%BF%D0%BE-%D1%80%D0%B0%D0%B7%D0%B4%D0%B5%D0%BB%D0%B5%D0%BD%D0%B8%D1%8E-%D0%B1%D0%B5%D0%BD',2),(4,'Бентол используется как товарный продукт на коксохимических заводах для получения из него бензола и толуола, а этилбензол снова поступает на дегидрирование. \r\n\r\nБентол, легковоспламеняющаяся жидкость, представляющая собой смесь бензола, этилбензола и толуола. С; в воде нерастворим. \r\n\r\nПри ректификации печное масло разделяется на стирол-ректификат I и II сортов, бентол, возвратный этилбензол и тяжелый остаток. Ректификация ведется под вакуумом, создаваемым пароэжекционными установками. Стирол-ректификат и бентол представляют собой товарную продукцию. \r\n\r\nНа основе проделанных опытов подобраны следующие условия анализа для рассольного конденсата, печного масла, бентола, технического этшгбензола, возвратного этилбензола. \r\n\r\nНа следующие сутки и через 12 суток брали по 1 г полученных смесей, мелко нарезали и помещали в патрон из текстиля в 100 мл бентола в колбы с притертыми пробками. По разности весов А - Б находилось количество растворенного ( несвязанного) каучука во взятом объеме раствора. \r\n\r\nТак, в качестве добавок предлагается в соляную кислоту вводить: пеназолин ( гидрохлорид), оксиэтилирован-ный алкилфенол С5 - С7, алкиловый спирт Cj - C5, фосфоно-метилированное производное 1 3-диаминопропанола - 2, хлорид натрия, бентол и ОП-10, инкредол, гидрооксиэтилированные алкилфенолы. Разработан ряд составов с добавлением к соляной кислоте реагентов Т-66 и ЗМ, которые позволили на 13 % повысить эффективность растворения гипсоуглеводородных отложений.\r\n\r\nПри ректификации печное масло разделяется на стирол-ректификат I и II сортов, бентол, возвратный этилбензол и тяжелый остаток. Ректификация ведется под вакуумом, создаваемым пароэжекционными установками. Стирол-ректификат и бентол представляют собой товарную продукцию.','http://www.ngpedia.ru/id189940p1.html',4),(5,'Оборудование по разделению Бентола (бензол-толуольная фракция) на ГОСТ бензол и толуол\".','http://www.oilforum.ru/topic/66619-%D0%BE%D0%B1%D0%BE%D1%80%D1%83%D0%B4%D0%BE%D0%B2%D0%B0%D0%BD%D0%B8%D0%B5-%D0%BF%D0%BE-%D1%80%D0%B0%D0%B7%D0%B4%D0%B5%D0%BB%D0%B5%D0%BD%D0%B8%D1%8E-%D0%B1%D0%B5%D0%BD',5),(6,'Продукция\r\nНефтерастворимый деэмульгатор ARBREAK 8381E, ARBREAK 8144E, ARBREAK 8191E\r\nИзготовлена в соответствии с документами\r\nДанными паспорта безопасности на продукцию, декларацией от фирмы-изготовителя о соответствии продукции международным стандартам.\r\nИзготовитель (производитель)\r\n\"Baker Petrolite\", адрес: Kirkby Bank Road, Knowsley Industrial Park Liverpool. L33 7SY. UK (Великобритания)\r\nПолучатель\r\n\"Baker Petrolite\", адрес: Kirkby Bank Road, Knowsley Industrial Park Liverpool. L33 7SY. UK (Великобритания)\r\nПродукция соответствует\r\nЕдиным санитарно-эпидемиологическим и гигиеническим требованиям к товарам, подлежащим санитарно-эпидемиологическому надзору (контролю) Гл II, разд.19.\r\nОбласть применения\r\nнефтяная промышленность','http://e-ecolog.ru/reestr/evrazes/RU.77.01.34.008.%D0%95.005967.06.12',6),(7,'Острая токсичность (пероральная ) LD50,мг/кг	более 3000 (3 класс)\r\nРаздражающее действие продукта:	\r\n- на кожные покровы	раздражение\r\n- на конъюнктиву глаза	раздражение\r\nСенсибилизирующее действие	отсутствует\r\nМутагенное действие	отсутствует\r\nКанцерогенное действие	отсутствует\r\nТератогенное действие	отсутствует\r\nГонадотоксическое действие	отсутствует\r\nЭмбриотоксическое действие	отсутствует\r\nПродукция по параметрам острой токсичности относится к умеренно опасным веществам (3 класс опасности по ГОСТ 12.1.007-76) при внутрижелудочном пути поступления.	\r\nВозможные риски для здоровья при применении продукции:	\r\n- Пары продукции, в концентрациях превышающих ПДК для воздуха рабочей зоны, оказывают воздействие на ЦНС, почки и печень;	\r\n- Пары продукции оказывают раздражающее действие на слизистые оболочки глаз и органов дыхания	\r\nКонтроль воздуха рабочей зоны осуществлять по: Спиртам первичным жирным С10-18, Углеводородам алифатическим предельным.','http://labmgmu.ru/wiki-preclinic/ls-safety/obshhetoksicheskoe-dejjstvie-ls/ostraya-toksichnost/opredelenie-doz-ld-16-50-84/',7),(8,'Cжиженный газ очень легко воспламеняется и обладает взрывоопасными свойствами, так что при его транспортировке нужно позаботиться о безопасности и предусмотреть все возможные нештатные ситуации.\r\n\r\nЕмкости для транспортировки должны пройти государственную проверку. Перед каждым выездом производится поиск неисправностей и только в случае их отсутствия совершается выезд. Цистерны изготавливаются из высокопрочных материалов, обладающих высоким качеством. При поверхности не должны вступать в реакцию с перевозимым.\r\n\r\nГруз должен быть обозначен специализированным знаком спереди и сзади. Транспорт должен быть обозначен надписью «ОГНЕОПАСНО». Также наносят данные о наименовании перевозимого вещества и его объеме.','http://promplace.ru/transportirovka-i-hranenie-nefti-i-gaza-staty/perevozka-gaza-1607.htm',8),(9,'Высокопрочные полипропиленовые мультифиламентные нити используются в качестве изготовления окантовочных лент, а также при производстве кантов, шнуров, лент, резинки, тесьмы, стропы (лента ременная) и других изделий текстильной промышленности. Благодаря светостабилизирующим добавкам нить не подвергается воздействию ультрафиолетового света.\r\nНить имеет низкий удельный вес, низкую водопоглащаемость, устойчивость к истиранию.\r\n\r\n    Нить наматывается на бобины 5 кг\r\n\r\n    Цветовая гамма 20 цветов\r\n\r\n    Разрывная нагрузка 4,7%\r\n\r\n    Количество филаментов 128 \r\n\r\n    Плотность 400 - 2 000 den\r\n\r\n    Цена указана за 1 кг нити\r\n','http://vhimtex.ru/catalog/nit-polipropilenovaya-multifilamentnaya/',9),(10,'Полипропиленовая нить пленочная фибриллированная — это нить, изготовленная из полипропиленовой пленки путем продольного ее расщепления (фибриллизации). Производство полипропиленовой нити налажено из одноосно-ориентированных полимерных пленок.\r\n\r\nФибриллизация пленки проводится в несколько этапов. Сначала пленку формуют, затем разрезают на полоски шириной не более 100 мм, проводят продольное расщепление, для чего используют игольчатый валик — он помогает наносить на поверхность пленки продольные царапины. Затем пленку вытягивают (при этом ее длина увеличивается в 4–10 раз) и подвергают термической обработке на тянущих вальцах. При контакте с нагретой поверхностью вальцов, а также в щелевой термокамере пленка плавится и вытягивается. Далее полипропиленовые нити подаются к прием-намоточной машине, где наматываются на цилиндрические шпули.','http://www.polimer-serv.ru/produkcziya/nit/',10),(11,'В отличие от обычных погрузочно-разгрузочных работ, такелажные услуги предполагают применение специальных приспособлений и механизмов. Традиционно такие работы применяются для погрузки или выгрузки крупногабаритных или тяжелых грузов, вес и конфигурация которых не дает возможности производить эти операции вручную.\r\n\r\nОдна из основных областей применения данного вида работ — перевозка оборудования промышленного назначения. Такелаж оборудования используется не только с целью облегчения задачи грузчикам. Погрузка станков, верстаков, конвейеров и других элементов технологических линий с применением такелажной оснастки способствует четкой организации процесса, позитивно отражается на сроках выполнения работ, а также обеспечивает сохранность дорогостоящего оснащения. Сегодня профессиональный такелаж оборудования востребован практически во всех отраслях народного хозяйства — от металлургического комплекса до пищевой промышленности. Помимо этого с помощью такелажников может производиться перевозка сейфов, крупногабаритных музыкальных инструментов, торгового оборудования и других грузов.\r\n\r\nЛитература[править | править вики-текст]\r\nНестеров С. Управление и организация грузоперевозок автотранспортным логистическим предприятием. — Litres, 2015.\r\nКатегория: Грузоперевозки','https://ru.wikipedia.org/wiki/%D0%A2%D0%B0%D0%BA%D0%B5%D0%BB%D0%B0%D0%B6%D0%BD%D1%8B%D0%B5_%D1%80%D0%B0%D0%B1%D0%BE%D1%82%D1%8B_(%D0%B3%D1%80%D1%83%D0%B7%D0%BE%D0%BF%D0%B5%D1%80%D0%B5%D0%B2%D0%BE%D0%B',11),(12,'Погрузо-разгрузочные работы — это одна из динамично развивающихся услуг в нашей компании, качеству которой уделяется огромное внимание. В данный момент рынок погрузо-разгрузочных работ представлен в большинстве своем вновь созданными мелкими фирмами и частными лицами, не имеющими опыта оказания подобных услуг. Ввиду низкой престижности рода занятий погрузо-разгрузочные работы проводят непрофессионалы (студенты, временно безработные, социально неблагополучные элементы и т. д.), от чего страдает качество предоставляемой услуги, влекущее за собой порчу имущества и т.п. В нашей компании работы выполняют опытные и трудолюбивые работники, ратующие за имидж и престиж компании. Работа грузчиков постоянно координируется и контролируется менеджерами.\r\n\r\n','http://www.artk.ru/related-services/loading-and-unloading/loading-and-unloading/',12),(13,'ГОСТ 12.3.009-76 Работы погрузочно-разгрузочные. Общие требования безопасности\r\n\r\nГОСТ 12.3.009-76*\r\n(СТ СЭВ 3518-81)\r\n\r\nУДК 658.382.3:006.354 Группа Т58\r\n\r\nМЕЖГОСУДАРСТВЕННЫЙ СТАНДАРТ\r\n\r\nСистема стандартов безопасности труда\r\n\r\nРАБОТЫ ПОГРУЗОЧНО-РАЗГРУЗОЧНЫЕ\r\n\r\nОбщие требования безопасности\r\n\r\nOccupational safety standards system. Loading and unloading works.\r\nGeneral safety requirements\r\n\r\nПостановлением Государственного комитета стандартов Совета Министров СССР от 23 марта 1976 г. № 670 срок введения установлен\r\nс 01.01.77\r\n\r\nПостановлением Госстандарта СССР № 3207 от 13.08.82 снято ограничение срока действия\r\n\r\nУТВЕРЖДЕН И ВВЕДЕН в действие Постановлением Государственного комитета стандартов Совета Министров СССР от 23 марта 1976 г. № 670\r\n\r\nПЕРЕИЗДАНИЕ (октябрь 2000 г.) с Изменением № 1, утвержденным в августе 1982 г. (ИУС 11-82).\r\n\r\n\r\nНастоящий стандарт устанавливает общие требования безопасности при проведении погрузочно-разгрузочных работ во всех отраслях народного хозяйства.\r\n\r\nСтандарт полностью соответствует СТ СЭВ 3518-81.\r\n\r\n(Измененная редакция, Изм. № 1).\r\n\r\n\r\n1. ОБЩИЕ ПОЛОЖЕНИЯ\r\n\r\n1.1. Погрузочно-разгрузочные работы следует выполнять в соответствии с требованиями ГОСТ 12.3.002-75, настоящего стандарта и государственных стандартов на отдельные виды производственных процессов, учитывающими особенности выполнения работ.\r\n\r\n(Измененная редакция, Изм. № 1).\r\n\r\n1.2. (Исключен, Изм. № 1).\r\n\r\n1.3. Погрузочно-разгрузочные работы следует выполнять механизированным способом при помощи подъемно-транспортного оборудования и средств малой механизации. Поднимать и перемещать грузы вручную необходимо при соблюдении норм, установленных действующим законодательством.\r\n1.4. Безопасность производства погрузочно-разгрузочных работ должна быть обеспечена:\r\nвыбором способов производства работ, подъемно-транспортного оборудования и технологической оснастки;\r\nподготовкой и организацией мест производства работ;\r\nприменением средств защиты работающих;\r\nпроведением медицинского осмотра лиц, допущенных к работе, и их обучением.\r\n\r\n1.4. (Введен дополнительно, Изм. № 1).\r\n\r\n2. ТРЕБОВАНИЯ К ПРОЦЕССАМ ПРОИЗВОДСТВА\r\nПОГРУЗОЧНО-РАЗГРУЗОЧНЫХ РАБОТ\r\n\r\n2.1. Выбор способов производства работ должен предусматривать предотвращение или снижение до уровня допустимых норм воздействия на работающих опасных и вредных производственных факторов путем:\r\nмеханизации и автоматизации погрузочно-разгрузочных работ;\r\nприменения устройств и приспособлений, отвечающих требованиям безопасности;\r\nэксплуатации производственного оборудования в соответствии с действующей нормативно-технической документацией и эксплуатационными документами;\r\nприменения знаковой и других видов сигнализации при перемещении грузов подъемно-транспортным оборудованием;\r\nправильного размещения и укладки грузов в местах производства работ и в транспортные средства;\r\nсоблюдения требований к охранным зонам электропередачи, узлам инженерных коммуникаций и энергоснабжения.\r\n\r\n(Измененная редакция, Изм. № 1).\r\n\r\n2.2-2.4. (Исключены, Изм. № 1).\r\n\r\n2.5. При перемещении груза подъемно-транспортным оборудованием нахождение работающих на грузе и в зоне его возможного падения не допускается.\r\nПосле окончания и в перерыве между работами груз, грузозахватные приспособления и механизмы (ковш, грейфер, рама, электромагнит и т.п.) не должны оставаться в поднятом положении.\r\nПеремещение груза над помещениями и транспортными средствами, где находятся люди, не допускается.\r\n\r\n(Измененная редакция, Изм. № 1).\r\n\r\n2.6. Грузы, размещаемые вблизи железнодорожных и крановых рельсовых путей, должны быть расположены в соответствии с требованиями ГОСТ 9238-83 и нормативно-технической документации, утвержденной Госгортехнадзором СССР.\r\n2.7. Грузы (кроме балласта, выгружаемого для путевых работ) при высоте их укладки, считая от головки рельса, до 1,2 м должны находиться от наружной грани головки ближайшего к грузу рельса железнодорожного или подкранового пути на расстоянии не менее 2,0 м, а при большой высоте - не менее 2,5 м.\r\n\r\n(Измененная редакция, Изм. № 1).\r\n\r\n2.8. Строповку грузов следует производить в соответствии с \"Правилами устройства и безопасной эксплуатации грузоподъемных кранов\", утвержденными Госгортехнадзором СССР.\r\nСтроповку крупногабаритных грузов (металлических, железобетонных конструкций и др.) необходимо производить за специальные устройства, строповочные узлы или обозначенные места в зависимости от положения центра тяжести и массы груза.\r\nМеста строповки, положение центра тяжести и массы груза должны быть обозначены предприятием-изготовителем продукции или грузоотправителем.\r\n2.9. Перед подъемом и перемещением грузов должны быть проверены устойчивость грузов и правильность их строповки.\r\n2.10. Способы укладки и крепления грузов должны обеспечивать их устойчивость при транспортировании и складировании, разгрузке транспортных средств и разборке штабелей, а также возможность механизированной погрузки и выгрузки. Маневрирование транспортных средств с грузами после снятия крепления с грузов не допускается.\r\n\r\n(Измененная редакция, Изм. № 1).\r\n\r\n2.11. Штабели сыпучих грузов должны иметь откосы крутизной, соответствующей углу естественного откоса для грузов данного вида, или должны быть ограждены прочными подпорными стенками.\r\n\r\n2.12. (Исключен, Изм. № 1).\r\n\r\n2.13. При выполнении погрузочно-разгрузочных работ с применением машин непрерывного транспорта:\r\nукладка грузов должна обеспечивать равномерную загрузку рабочего органа и устойчивое положение груза;\r\nподача и снятие груза с рабочего органа машины должна производиться при помощи специальных подающих и приемных устройств.\r\n\r\n2.14. (Исключен, Изм. № 1).\r\n\r\n2.15. При производстве работ с тарно-штучными грузами следует использовать контейнеры, средства пакетирования, а также специализированные грузозахватные приспособления, исключающие выпадение грузов.\r\n2.16. Крыши контейнеров, устройства для их строповки и крепления к транспортным средствам должны быть очищены от посторонних предметов, льда и снега.\r\n\r\n2.15, 2.16. (Измененная редакция, Изм. № 1).\r\n\r\n2.17. (Исключен, Изм. № 1).\r\n\r\n2.18. При погрузке (выгрузке) металлов электромагнитными и грейферными захватами зона подъема и перемещения грузов должна быть ограждена.\r\n\r\n(Измененная редакция, Изм. № 1).\r\n\r\n2.19. (Исключен, Изм. № 1).\r\n\r\n2.20. На местах погрузки и выгрузки лесоматериалов должны быть предусмотрены приспособления, исключающие развал лесоматериалов.\r\n2.21. Погрузку и выгрузку сыпучих грузов следует производить механизированным способом, исключающим загрязнение воздуха рабочей зоны.\r\n\r\n(Измененная редакция, Изм. № 1).\r\n\r\n2.22. При разгрузке сыпучих грузов из полувагонов люки следует открывать специальными приспособлениями, позволяющими работающим находиться на безопасном расстоянии.\r\nПри разгрузке сыпучих грузов из полувагонов на повышенных путях, расположенных на высоте более 2,5 м, люки следует открывать со специальных мостиков.\r\n2.23. При ликвидации зависания сыпучих грузов в емкостях нахождение в них работающих не допускается.\r\n\r\n(Измененная редакция, Изм. № 1).\r\n\r\n2.24. (Исключен, Изм. № 1).\r\n\r\n2.25. При разгрузке сыпучих грузов с автомобилей-самосвалов, стоящих на насыпях, а также при засыпке котлованов и траншей грунтом, автомобили-самосвалы необходимо устанавливать на расстоянии не менее 1м от бровки естественного откоса.\r\n\r\n(Измененная редакция, Изм. № 1).\r\n\r\n2.26. Погрузочно-разгрузочные работы и перемещение опасных (по ГОСТ 19433-88) грузов следует производить:\r\nв соответствии с требованиями безопасности труда; содержащимися в документации, утвержденной в установленном порядке;\r\nв специально отведенных местах при наличии данных о классе опасности по ГОСТ 19433-88 и указаний отправителя груза по соблюдению мер безопасности.\r\n2.27. Не допускается выполнять погрузочно-разгрузочные работы с опасными грузами при обнаружении несоответствия тары требованиям нормативно-технической документации, утвержденной в установленном порядке, неисправности тары, а также при отсутствии маркировки и предупредительных надписей на ней.\r\nПосле окончания работ с опасными грузами места производства работ, подъемно-транспортное оборудование, грузозахватные приспособления и средства индивидуальной защиты должны быть подвергнуты санитарной обработке в зависимости от свойств груза.\r\n2.28. При возникновении опасных и вредных производственных факторов вследствие воздействия метеорологических условий на физико-химическое состояние груза погрузочно-разгрузочные работы должны быть прекращены или приняты меры по созданию безопасных условий труда.\r\n\r\n2.27, 2.28. (Измененная редакция, Изм. № 1).\r\n\r\n2.29. (Исключен, Изм. № 1).\r\n\r\n2.30. Погружать и разгружать животных, сырье и продукты животного происхождения следует лишь при наличии данных о характере груза и в соответствии с требованиями ГОСТ 12.1.008-76. Перед началом работ груз должен быть проверен органами ветеринарного надзора.\r\n2.31. Погружать, выгружать и перемещать грузы, требующие карантинной обработки, следует на специально выделенных площадках, отвечающих предъявляемым к ним санитарным требованиям Министерства здравоохранения СССР.\r\n2.32. После выполнения погрузочно-разгрузочных работ с животными, сырьем и продуктами животного происхождения места производства работ, транспортные средства, грузозахватные приспособления, инвентарь и средства индивидуальной защиты должны быть подвергнуты дезинфекции.\r\n\r\n(Измененная редакция, Изм. № 1).\r\n\r\n2.33. Перед началом погрузочно-разгрузочных работ должен быть установлен порядок обмена условными сигналами между подающим сигналы (стропальщиком) и машинистом подъемно-транспортного оборудования.\r\n\r\n(Введен дополнительно, Изм. № 1).\r\n\r\n3. ТРЕБОВАНИЯ К МЕСТАМ ПРОИЗВОДСТВА\r\nПОГРУЗОЧНО-РАЗГРУЗОЧНЫХ РАБОТ\r\n\r\n3.1. Места производства погрузочно-разгрузочных работ должны иметь основание, обеспечивающее устойчивость подъемно-транспортного оборудования, складируемых материалов и транспортных средств.\r\n3.2. Выбор мест проведения погрузочно-разгрузочных работ, размещение на них зданий (сооружений) и отделение их от жилой застройки санитарно-защитными зонами должны соответствовать требованиям строительных норм и правил, утвержденных Госстроем СССР, санитарных норм, утвержденных Минздравом СССР, и другой нормативно-технической документации.\r\n3.3. На площадках для укладки грузов должны быть обозначены границы штабелей, проходов и проездов между ними. Не допускается размещать грузы в проходах и проездах.\r\nШирина проездов должна обеспечивать безопасность движения транспортных средств и подъемно-транспортного оборудования.\r\n3.4. Места производства погрузочно-разгрузочных работ, включая проходы и проезды, должны иметь достаточное естественное и искусственное освещение в соответствии со строительными нормами и правилами, утвержденными Госстроем СССР.\r\nОсвещенность должна быть равномерной, без слепящего действия светильников на работающих. Типы осветительных приборов следует выбирать в зависимости от условий среды, свойств и характера перерабатываемых грузов.\r\n\r\n3.1-3.4. (Измененная редакция, Изм. № 1).\r\n\r\n3.5. (Исключен, Изм. № 1).\r\n\r\n3.6. Рабочие, занятые на погрузочно-разгрузочных работах, должны быть обеспечены санитарно-бытовыми помещениями и доброкачественной питьевой водой.\r\n3.7. Площадки производства погрузочно-разгрузочных работ должны соответствовать требованиям пожарной безопасности по ГОСТ 12.1.004-91, а также строительным нормам и правилам, утвержденным Госстроем СССР, и правилам пожарной безопасности, утвержденным или согласованным с ГУПО МВД СССР.\r\n3.8. Температуру наружного воздуха и силу ветра в данном климатическом районе, при которых следует прекращать производство работ на открытом воздухе или устраивать перерывы для обогревания рабочих, устанавливает администрация предприятия в соответствии с действующим законодательством.\r\n3.9. Места производства погрузочно-разгрузочных работ должны быть оснащены необходимыми средствами коллективной защиты и знаками безопасности по ГОСТ 12.4.026-76.\r\n3.10. Движение транспортных средств в местах погрузочно-разгрузочных работ должно быть организовано по транспортно-технологической схеме с установкой соответствующих дорожных знаков по ГОСТ 10807-78, а также знаков, принятых на железнодорожном, водном и воздушном транспорте.\r\n3.11. Температура, влажность, скорость движения воздуха в рабочей зоне производственных помещений, а также содержание вредных веществ в местах производства погрузочно-разгрузочных работ - по ГОСТ 12.1.005-88; уровни шума и вибрации на рабочем месте - по ГОСТ 12.1.003-83 и ГОСТ 12.1.012-90.\r\n3.12. Для перехода работающих по сыпучему грузу, имеющему большую текучесть и способность засасывания, следует устанавливать трапы или настилы с перилами на всем пути передвижения.\r\n3.13. Грузовые столы, рампы, эстакады и другие сооружения должны быть оборудованы постоянными или съемными отбойными устройствами.\r\n3.14. Проходы и рабочие места должны быть выровнены и не иметь ям, рытвин. Зимой проходы должны быть очищены от снега, а в случае обледенения посыпаны песком, шлаком или другими противоскользящими материалами.\r\n3.15. Для прохода (подъема) на рабочее место должны быть предусмотрены тротуары, лестницы, мостики, трапы, отвечающие требованиям безопасности.\r\n\r\n3.9-3.15. (Введены дополнительно, Изм. № 1).\r\n\r\n4. ТРЕБОВАНИЯ К ПРИМЕНЕНИЮ\r\nПОДЪЕМНО-ТРАНСПОРТНОГО ОБОРУДОВАНИЯ\r\n\r\n4.1. Подъемно-транспортное оборудование, применяемое при проведении погрузочно-разгрузочных работ, должно соответствовать требованиям ГОСТ 12.2.003-91, правилам устройства и безопасной эксплуатации грузоподъемных кранов Госгортехнадзора СССР, а также требованиям безопасности, изложенным в стандартах и технических условиях на оборудование конкретного вида.\r\n\r\n(Измененная редакция, Изм. № 1).\r\n\r\n4.2. Установка, регистрация, испытание и техническое освидетельствование подъемно-транспортного оборудования и грузозахватных приспособлений должны быть выполнены в соответствии с правилами устройства и безопасной эксплуатации грузоподъемных кранов, утвержденными Госгортехнадзором СССР, и другой нормативно-технической документацией, утвержденной в установленном порядке.\r\n4.3. Не допускаются работы на грузоподъемной машине (кран, перегружатель кранового типа) при скорости ветра, превышающей значение, указанное в паспорте машины, а также при снегопаде, тумане, дожде, снижающих видимость в пределах рабочей зоны.\r\nНе допускаются работы на грузоподъемной машине, если температура окружающего воздуха ниже значения, указанного в паспорте машины.\r\n\r\n(Измененная редакция, Изм. № 1).\r\n\r\n4.4. Подъемно-транспортное оборудование, транспортные средства при производстве погрузочно-разгрузочных работ должны быть в состоянии, исключающем их самопроизвольное перемещение.\r\n4.5. Съемные грузозахватные приспособления (стропы, траверсы и др.) до пуска в работу должны быть подвергнуты полному техническому освидетельствованию.\r\n4.6. Подъемно-транспортным оборудованием разрешается поднимать груз, масса которого вместе с грузозахватными приспособлениями не превышает допустимую грузоподъемность данного оборудования.\r\nНе допускается поднимать груз неизвестной массы, а также защемленный, примерзший или зацепившийся.\r\n\r\n4.5, 4.6. (Введены дополнительно, Изм. № 1).\r\n\r\n5. ТРЕБОВАНИЯ К ПЕРСОНАЛУ, ДОПУСКАЕМОМУ\r\nК ПОГРУЗОЧНО-РАЗГРУЗОЧНЫМ РАБОТАМ\r\n\r\n5.1. К управлению подъемно-транспортным оборудованием допускаются лица не моложе 18 лет, прошедшие медицинское освидетельствование в порядке, установленном Минздравом СССР, обученные безопасности труда в соответствии с ГОСТ 12.0.004-90 и имеющие право управления указанным оборудованием.\r\n\r\n(Измененная редакция, Изм. № 1).\r\n\r\n5.2. Рабочие, занятые на погрузочно-разгрузочных работах, должны проходить предварительный и периодические осмотры в соответствии с требованиями Министерства здравоохранения СССР.\r\nРабочим, занятым на погрузке и выгрузке животных и сырья животного происхождения, должны быть сделаны профилактические прививки в соответствии с требованиями Министерства здравоохранения СССР.\r\n5.3. Инженерно-технические работники, ответственные за безопасное проведение погрузочно-разгрузочных работ, должны проходить проверку знаний особенностей технологического процесса, требований безопасности труда, устройства и безопасной эксплуатации подъемно-транспортного оборудования, пожарной безопасности и производственной санитарии в соответствии с их должностными обязанностями и в порядке, установленном органами государственного надзора.\r\n5.4. К выполнению погрузочно-разгрузочных работ допускаются лица, прошедшие курс обучения и проверку знаний по безопасности труда в соответствии с ГОСТ 12.0.004-90, а также оказанию первой помощи.\r\nРаботающие, допущенные к погрузке (разгрузке) опасных и особо опасных грузов, должны проходить специальное обучение безопасности труда с последующей аттестацией.\r\nПри производстве погрузочно-разгрузочных работ с опасными грузами, текущий инструктаж следует проводить перед началом работ.\r\nВ программу инструктажа должны быть включены сведения о свойствах опасных грузов, правила работы с ними, меры оказания первой доврачебной помощи.\r\n\r\n5.3, 5.4. (Измененная редакция, Изм. № 1).\r\n\r\n\r\n\r\n\r\n\r\n6. ТРЕБОВАНИЯ К ПРИМЕНЕНИЮ СРЕДСТВ\r\nИНДИВИДУАЛЬНОЙ ЗАЩИТЫ РАБОТАЮЩИХ\r\n\r\n6.1. Спецодежда, спецобувь и другие средства индивидуальной защиты должны соответствовать требованиям ГОСТ 12.4.011-89.\r\n\r\n(Измененная редакция, Изм. № 1).\r\n\r\n6.2. Спецодежду в зависимости от категории перерабатываемых грузов следует подвергать стирке, химчистке, обезвреживанию и другим видам санитарной обработки в соответствии с действующими нормами, утвержденными в установленном порядке.\r\n6.3. Рабочие при получении спецодежды, спецобуви и других средств индивидуальной защиты должны быть проинструктированы о порядке пользования этими средствами и ознакомлены с требованиями по уходу за ними.\r\n\r\n(Измененная редакция, Изм. № 1).\r\n\r\n6.4. При наличии опасности падения предметов сверху работающие на местах производства погрузочно-разгрузочных работ должны носить защитные каски установленных образцов.\r\n\r\n6.5. (Исключен, Изм. № 1).\r\n\r\n6.6. При выполнении погрузочно-разгрузочных работ следует использовать средства индивидуальной защиты в зависимости от вида груза и условий ведения работ.\r\n6.7. Средства индивидуальной защиты должны соответствовать требованиям ГОСТ 12.4.011-89.\r\n\r\n6.6, 6.7. (Введены дополнительно, Изм. № 1).','http://www.artk.ru/related-services/loading-and-unloading/loading-and-unloading/',13),(14,'Разгрузочно-погрузочные работы – это одно из основных направлений компании. Мы предлагаем услуги грузчиков-такелажников. У нас можно заказать работы с применением механизированного (ручного) способа или с использованием спецтехники: грузозахватных устройств, автомобильных кранов, вилочных погрузчиков, манипуляторов, электрокаров. Они значительно упрощают погрузку-разгрузку и экономят время.\r\nМы принимаем заказы на разгрузку у себя на специализированном удобном складе, либо выезжаем на ваш адрес!\r\nСтоимость погрузочно-разгрузочных работ\r\nЦены на погрузочно-разгрузочные работы зависят от сложности, подъема или спуска, длительности перемещения груза и т. д. Мы стараемся, чтобы наши цены были минимально допустимые. Если возникает необходимость ночной разгрузки, тариф на услуги грузчиков увеличивается.\r\n\r\nВы можете самостоятельно выбрать тариф:\r\n \r\nоплата за час;\r\nза единицу транспорта;\r\nза вес груза.','http://utilizatsiya-mebeli.ru/pogruzochno-razgruzochnye-raboty',14),(15,'На множестве сайтов мувинговых компаний, предлагающих погрузочно-разгрузочные услуги, расписаны целые страницы прайс-листов и расценок, разобраться в которых довольно сложно. При телефонном разговоре с менеджером точного ответа Вы не получите, цена формируется исходя из множества факторов, учесть которые по телефону просто невозможно.','http://avega-dom.com/pogruzochno-razgruzochnye-raboty.html',15),(16,'Такелаж\r\n[править | править вики-текст]Материал из Википедии — свободной энциклопедии\r\n\r\nКорабль 1 ранга: схема такелажа, 1771\r\nТакела́ж (нидерл. takelage (от takel — оснастка)) — общее название всех снастей на судне или вооружение отдельной мачты или рангоутного дерева, употребляемое для крепления рангоута и управления им и парусами. Такелаж разделяется на стоячий и бегучий. Стоячий такелаж служит для удержания рангоутных частей в надлежащем положении, бегучий — для постановки, уборки парусов, управления ими, изменения направления отдельных частей рангоута.\r\n\r\nДля стоячего такелажа употребляются: на больших судах преимущественно стальной и железный трос, снаружи оцинкованный, как наиболее прочный и долго служащий; на мелких иногда берут ещё смолёные пеньковые или синтетические тросы. В некоторых частях стоячего такелажа употребляются цепи (напр. цепной борг — на котором висит нижний рей) — с короткими звеньями без распорок, для большей их гибкости.\r\n\r\nНа бегучий такелаж употребляются гибкие стальные, пеньковые или синтетические тросы.\r\n\r\nТакелажными работами называются работы по обделке такелажа, постановке частей рангоута на место, оснащение его и, кроме того, все работы с тросом, например, приготовление матов (пеньковых ковров), сеток и т. д. для судов.\r\n\r\nорской Словарь, М, Военное издательство МО СССР, 1959\r\nМорской Энциклопедический Словарь, Л-д, «Судостроение», 1991, ISBN 5-7355-0280-8','https://ru.wikipedia.org/wiki/%D0%A2%D0%B0%D0%BA%D0%B5%D0%BB%D0%B0%D0%B6',16),(17,'Погрузочно-разгрузочные работы включают в себя операции:\r\n\r\nперемещения груза от исходного местоположения до транспортного средства;\r\nподъема груза на транспортное средство;\r\nспуска груза с транспортного средства;\r\nперемещение груза к указанному местоположению.\r\nЕдиницей перемещения груза считается горизонтальное перемещение груза на 10 метров. Единицей подъема груза считается 1 метр.\r\n\r\nПогрузочно-разгрузочные работы производятся на любых объектах и на железнодорожного, авиационного, морского и речного транспорта (фуры, железнодорожные вагоны, грузовые отсеки самолетов, трюмы). Погрузочно-разгрузочные работы могут осуществляться с привлечением специальной техники - автокранов, подъемников, электрокаров.\r\n\r\nПогрузочно-разгрузочные работы выполняются с любыми грузами, кроме опасных. Погрузочно-разгрузочные работы осуществляются с использованием различного вида тары, в том числе с использованием контейнеров. Погрузочно-разгрузочные работы выполняются квалифицированными грузчиками, имеющими большой опыт проведения погрузочно-разгрузочных работ и профильное образование.\r\n\r\nОбщая стоимость работ при использовании услуг грузчиков складывается из почасовой тарифной сетки, количества переносимых предметов и их объема и веса и стоимости дополнительных видов работ.\r\n\r\nНами предоставляется услуга по проведению складских работ, которые включают: погрузочно-разгрузочные, упаковку, маркировку, сортировку товара. Цена на данный вид услуг – договорная и складывается из почасовой тарифной сетки, объемов и сложности. При необходимости складские работы обеспечиваются специализированным автотранспортом и механизмами.\r\n\r\nВсе проводимые работы выполняются на основании Договора, заключаемого между Заказчиком и Исполнителем в сроки, прописанные в Договоре.','https://www.sapl.ru/tarifi/tarifi-t/tarifi-t2/',17),(18,'Такелажные работы – это особенный вариант грузо-погрузочных работ, который связан с перевозом разнообразных тяжестей, аппаратуры и приборов с использованием специфических снаряжений. Фактически все существующие такелажные работы разделяются по классу сложности на три варианта.\r\n\r\nПервый вид такелажных действий включает немногосложную транспортировку малогабаритных грузов, к примеру, различных сейфов, банкоматов, терминалов, инструментов для занятий музыкой и т.д. Несмотря на кажущуюся легкость, подобный вид действий диктует не только одного наличия профессиональных рабочих, но и применения специальных средств, например, такелажных тяжей.\r\n\r\nРаботы такелажные второго типа включают разбирание, перемещение и заключительный сбор груза, вес которого не превосходит 20 тонн. Подобный вариант грузовых операций совершается высокопрофессиональными рабочими с помощью особенной аппаратуры, к примеру, домкратов, кранов, манипуляторов и профессиональных такелажных устройств.\r\n\r\nТакелаж третьего разряда считается довольно трудным вариантом погрузочно-разгрузочных работ, которые связаны с перемещением многотонного груза весом от двадцати тонн и более. Данный вид грузо-погрузочных действий чаще всего нужен при перевозке всяческого заводского оборудования и полностью организаций с одного места на другое. Такелаж оборудования происходит с помощью механизированных ресурсов, таких как краны, грузовые машины с подъемными платформами, погрузчики и т.д.\r\n\r\nВне зависимости от категории трудности, фактически все такелажные работы требуют огромного опыта работы и теоретических знаний при их проведении, по этой причине заниматься ими обязательно должны профессиональные рабочие под строгим контролем собственного начальника бригады. Мало того, такелаж требует крайней внимательности при транспортировке грузов и выполнения строжайших мер безопасности.\r\n\r\nВ наш век на рынке строительных сервисов находится большое количество фирм и различных бригад, предлагающих свои услуги по выполнению разных такелажных работ. К подбору подходящей фирмы необходимо отнестись с большим вниманием, ведь грамотно сделанные такелажные работы - это не только разборка и перевозка оснащения, но и полная сохранность груза, что особенно важно, когда осуществляется такелаж станков. Подбирая фирму, нужно обратить огромное внимание на навык и квалифицированность работников, работающих в ней, а также на стаж деятельности всей компании. Абсолютно любая солидная фирма, оказывающая такелажные услуги, должна иметь собственный автомобильный парк со всеми важными автоматическими средствами для проведения операций. Перед выполнением грузо-погрузочных работ нужно заключить договор, где должны быть оговорены периоды исполнения, цена работ и все нужные обязательства и гарантии.\r\n\r\nНи в коем случае не нужно экономить средства на профессиональных такелажниках и доверять грузо-погрузочные работы простым грузчикам с улицы, если вы не хотите лишиться целости драгоценного оборудования. Подобрать подходящую фирму, оказывающую услуги по проведению такелажных операций, легко можно по сети, просмотрев отзывы их клиентов. Доверьтесь настоящим специалистам своего дела и тогда получите стопроцентную гарантию качественно выполненных услуг.','http://www.autodela.ru/trash/317.html',18),(19,'Погрузочно-разгрузочные работы следует выполнять механизированным способом при помощи подъемно-транспортного оборудования и средств малой механизации. Поднимать и перемещать грузы вручную необходимо при соблюдении норм, установленных действующим законодательством (см. Постановление Правительства РФ от 06.02.1993 N 105 \"О новых нормах предельно допустимых нагрузок для женщин при подъеме и перемещении тяжестей вручную\" и Постановление Минтруда России от 07.04.1999 N 7 \"Об утверждении Норм предельно допустимых нагрузок для лиц моложе восемнадцати лет при подъеме и перемещении тяжестей вручную\").\r\n Погрузочно-разгрузочные работы должны выполняться в соответствии с требованиями ГОСТ 12.3.009-76, ГОСТ 12.3.002-75, ГОСТ 12.3.020-80, Межотраслевых правил по охране труда при погрузочно-разгрузочных работах и размещении грузов (ПОТ Р М-007-98), Межотраслевых правил по охране труда при эксплуатации промышленного транспорта (напольный безрельсовый колесный транспорт) (ПОТ Р М 008-99) и государственных стандартов на отдельные виды производственных процессов, учитывающими особенности выполнения работ.\r\n     Безопасность производства погрузочно-разгрузочных работ должна быть обеспечена:\r\n- выбором способов производства работ, подъемно-транспортного оборудования и технологической оснастки;\r\n- подготовкой и организацией мест производства работ;\r\nЯндекс.Директ\r\nТепло­носи­тель DIXIS TOP\r\ndixis-65.ru\r\nТепло­носи­тель для пищевых произ­водств от произ­води­теля! Доставка по России!\r\nТестер антифризаВода для отопленияНасос для закачкиОпрессовщик\r\nАдрес и телефон\r\nНовая присадка в бензин\r\nprisadki.inntechtrade.ru\r\nУлучшает качество горения бензина на 18%. Заказать пробную партию бесплатно\r\n- применением средств защиты работающих;\r\n- проведением медицинского осмотра лиц, допущенных к работе, и их обучением.\r\n  Требования к процессам производства погрузочно-разгрузочных работ установлены п.2 ГОСТ 12.3.009-76.\r\nМеста производства погрузочно-разгрузочных работ в соответствии с п.3.1 ГОСТ 12.3.009-76 должны иметь основание, обеспечивающее устойчивость подъемно-транспортного оборудования, складируемых материалов и транспортных средств\r\nТакже они должны размещаться на специально отведенной территории с ровным твердым покрытием или твердым грунтом, способным воспринимать нагрузки от грузов и подъемно-транспортных машин. Площадки для производства погрузочно-разгрузочных работ должны иметь уклон не более 5°, при применении авто- и электропогрузчиков - не более 3°. (п.3.1. ПОТ Р М-007-98)\r\n   Места производства погрузочно-разгрузочных работ должны быть оборудованы знаками безопасности по ГОСТ Р 12.4.026-2001 и соответствовать требованиям пожарной безопасности по ГОСТ 12.1.004-91, а также строительным нормам и правилам.\r\n  Более подробные требования к местам производства погрузочно-разгрузочных работ на предприятиях розничной торговлисм. в п. 4.2. ПОТ Р М-014-2000 Межотраслевые правила по охране труда в розничной торговле, к местам производства погрузочно-разгрузочных работ на предприятиях общественного питанияв п. 13.2. ПОТ Р М-011-2000 Межотраслевые правила по охране труда в общественном питании.\r\n    К управлению подъемно-транспортным оборудованием допускаются лица не моложе 18 лет, прошедшие медицинское освидетельствование в установленном порядке, обученные безопасности труда в соответствии с ГОСТ 12.0.004-90 и имеющие право управления указанным оборудованием.\r\nРабочие, занятые на погрузочно-разгрузочных работах, должны проходить предварительный и периодические осмотры.\r\nРабочим, занятым на погрузке и выгрузке животных и сырья животного происхождения, должны быть сделаны профилактические прививки.\r\n  Инженерно-технические работники, ответственные за безопасное проведение погрузочно-разгрузочных работ, должны проходить проверку знаний особенностей технологического процесса, требований безопасности труда, устройства и безопасной эксплуатации подъемно-транспортного оборудования, пожарной безопасности и производственной санитарии в соответствии с их должностными обязанностями и в порядке, установленном органами государственного надзора.\r\n     К выполнению погрузочно-разгрузочных работ допускаются лица, прошедшие курс обучения и проверку знаний по безопасности труда в соответствии с ГОСТ 12.0.004-90, а также оказанию первой помощи.\r\nСпецодежда, спецобувь и другие средства индивидуальной защиты должны соответствовать требованиям ГОСТ 12.4.011-89.\r\nЧитать еще\r\nПожарная безопасность при эксплуатации технологического оборудования\r\nКомплексная механизация и автоматизац ия погрузочно-разгрузочных работ\r\nПодъемно-транспортное оборудование\r\nПогрузочно-разгрузочные и штабелирующие машины и механизмы\r\nПогрузочно-разгрузочные работы, или обработка грузов\r\nПодъемно-транспортное оборудование\r\nПостановление госснаба ссср от 29 марта 1989 г. N 21 \"об утверждении норм естественной убыли антрацитов, каменных и бурых углей всех марок при морских и речных перевозках и погрузочно-разгрузочных работах в порту\"\r\nЭкологичность и безопасность товаров. виды безопасности\r\nЭкологичность и безопасность товаров. виды безопасности\r\nБезопасность и качество лекарственных средств для животных\r\nНормативные документы\r\nГОСТ 12.1.012-2004 Система стандартов безопасности труда. Вибрационная безопасность. Общие требования\r\nГОСТ Р 53488-2009 Безопасность аттракционов. Требования к обоснованию безопасности механизированных аттракционов. Основные положения\r\nГОСТ 12.1.012-90 Система стандартов безопасности труда. Вибрационная безопасность. Общие требования\r\nГОСТ 12.2.102-89 Система стандартов безопасности труда. Машины и оборудование лесозаготовительные и лесосплавные, тракторы лесопромышленные. Требования безопасности, методы контроля требований безопасности и оценки безопасности труда\r\nГОСТ 12.3.009-76 Система стандартов безопасности труда. Работы погрузочно-разгрузочные. Общие требования безопасности\r\nГОСТ 12.3.029-82 Система стандартов безопасности труда. Работы погрузочно-разгрузочные в море. Требования безопасности\r\nГОСТ Р 51738-2001 Оборудование для микробиологических производств. Аппараты для гидролиза растительного сырья. Ферментаторы. Требования безопасности. Методы испытаний\r\nГОСТ Р 50612-93 Машины и оборудование для производства сахара. Требования безопасности','http://www.znaytovar.ru/s/Texnika-bezopasnosti-pri-prove.html',19),(20,'Гру́зчик — это профессия, в которой используется преимущественно только мускульная физическая сила человека для выполнения простых рабочих операций: погрузки, выгрузки, кантования, перекатывания и подъёма тяжелых (большой массы или размеров) грузов. В ряде случаев также используются приспособления для облегчения тяжёлого физического труда. Название профессии происходит от слова груз (тяжесть). Профессия грузчика чрезвычайно широко распространена по всем странам и континентам, и в мире трудятся десятки миллионов грузчиков.\r\n\r\nНынешнее современное документальное трактование слова «грузчик» — «оператор погрузочно-разгрузочных работ» или «инженер (специалист) по поднятию и перемещению тяжестей», а также «инженер по погрузке грузов в кузов»[источник не указан 1130 дней].\r\n\r\nРабочие функции грузчиков[править | править вики-текст]\r\nОшибкой было бы считать, что грузчику нет необходимости в какой бы то ни было квалификации, так как в современном мире грузчик обязан быть не только сильным и выносливым, но и обладать водительскими навыками управления погрузочной техникой (автокар, электрокар, механизированный погрузчик), чётко понимать основы физики такие как рычаг и силы, действующие на тело, навыками крановщика (тельфер, ручная лебедка, и др). Ложное мнение о низком интеллекте грузчика также ошибочно, поскольку грузчику приходится тщательно рассчитывать не только силу, но и различные способы закрепления грузов и др. Профессиональный грузчик — это специалист, способный быстро оценить наиболее оптимальный алгоритм действий при погрузочно-разгрузочных работах и обеспечить максимальную безопасность выполняемого объёма работы.\r\n\r\nПогрузка и выгрузка тяжелых или крупногабаритных грузов.\r\nДоставка, установка, монтаж и демонтаж различного бытового и профессионального оборудования и др.\r\nПеремещение различных грузов в труднодоступных местах.\r\n\r\nИнструмент, приспособления и спецодежда, используемые грузчиками. В зависимости от программы разгрузочно-погрузочных работ грузчики используют следующие инструменты и оборудование:\r\n\r\nТележка гидравлическая: транспортировщик поддонов;\r\nСтретч-плёнка: популярный упаковочный материал;\r\nЛомы всех типов;\r\nЛопаты: при работе с сыпучими грузами;\r\nТросовые сцепки: при подъёмах или перемещении весьма тяжёлых грузов (выше уровня силы человека);\r\nВерёвки: в различных случаях (сбор груза и т. п.);\r\nЦепи и фалы: для кантования и подъёма грузов;\r\nКрюки: для захвата грузов;\r\nУпаковочные материалы: скотч, бумага и др при упаковке отправляемых грузов;\r\nКувалды и молотки: как вспомогательное оборудование и инструмент;\r\nЛебёдки ручные и электрические: подъём и перемещение грузов;\r\nАвтокары и электрокары (они же автопогрузчики, электропогрузчики);\r\nСпецодежда:\r\n\r\nРукавицы;\r\nКрепкие кожаные ботинки и сапоги;\r\nЭластичный бинт (укрепление связок);\r\nАтлетический пояс (укрепление мышц брюшного пресса);\r\nБрезентовый комбинезон;\r\nБрезентовая куртка;\r\nВатник (работа в холодное время года);\r\nШапка-ушанка (работа в холодное время года).\r\nШапка вязаная (для работы в более теплое время года)\r\n\r\nТребования к профессии грузчика[править | править вики-текст]\r\nОсновными требованиями к профессии грузчика являются:\r\n\r\nУровень физической силы и состояния здоровья выше средних показателей (спортивная форма).\r\nЖелателен высокий рост (снижение усилий при работе).\r\nВыносливость.\r\nНавыки работы с погрузочной техникой.\r\nПрименение труда грузчиков[править | править вики-текст]\r\nПрофессия грузчика широко применяется и востребована с древнейших времен и до наших дней. Распространена во всех без исключения странах на всех континентах.\r\n\r\nОбъекты, на которых применяется труд грузчиков наиболее широко:\r\n\r\nМорские и речные порты.\r\nЖелезнодорожные и автовокзалы.\r\nКрупные магазины.\r\nСклады.\r\nЗаводы и добывающие предприятия.\r\nРыболовецкие компании.\r\nТранспортные компании всех типов.\r\nКосмодромы и аэропорты.\r\nСтроительные компании.\r\nТаможня.\r\nПочта.\r\nПрофессиональная нормативная лексика[править | править вики-текст]\r\nВи́ра — поднимай!\r\nМа́йна — опускай!\r\nХорэ́ — стоп!\r\nПрофессиональные заболевания и травмы[править | править вики-текст]\r\nПрофессия грузчика сопряжена с постоянной мышечной работой. Кроме того в работе грузчиков часты тяжелые психологические нагрузки, всевозможные травмы. Необходимое регулярное питание, ежегодный отпуск, и медицинский контроль в значительной степени позволяют поддержать и сохранить здоровье грузчиков. Основные риски для здоровья:\r\n\r\nПростуды и обморожения.\r\nБолезни суставов.\r\nРастяжения мышц и сухожилий.\r\nСнижение остроты зрения вследствие нагрузок.\r\nТравмы кожи.\r\nОстеохондрозы, радикулиты.\r\nГрыжи.\r\nВ порту[править | править вики-текст]\r\nВ порту перевалкой грузов занимаются докера (от англ. Docker). Отличия от работы грузчика в почти полной механизации производства. Грузы перегружаются с помощью грузоподъемных механизмов, погрузчиков и т.д. В разных портах профессия называется по-разному: докер, портовый рабочий, докер-механизатор, механизатор. Руководитель погрузочно-разгрузочных работ, организующий работу докеров, называется стивидором[1][2].\r\n\r\nПрофессия грузчика в искусстве[править | править вики-текст]\r\nПрофессия грузчика отражена в ряде кинофильмов советского кино, литературных произведениях и песнях и стихотворениях. Одесские грузчики, например, были широко известны в России тем, что были объединены в профессиональный союз и отстаивали свои интересы.\r\n\r\nПрофессия грузчика воспета в песне «Грузчик, грузчик парень работящий» в исполнении команды КВН «Станция спортивная» и в песне «Грузчик» шансон-гоп-панк-рок проекта «Ядерная Зона».\r\n\r\nОт имени грузчиков исполняется песня группы Dire Straits «Money for Nothing», которая была удостоена премии «Грэмми» за лучшее вокальное рок-исполнение дуэтом или группой в 1986 году, а клип на неё стал первым из показанных на канале MTV Europe.\r\n\r\nТакже часто встречаются упоминания в народном фольклоре.','https://ru.wikipedia.org/wiki/%D0%93%D1%80%D1%83%D0%B7%D1%87%D0%B8%D0%BA',20),(21,'На различных участках склада выполняются определенные логистические операции. Так, на участке разгрузки осуществляется механизированная и ручная разгрузка товаров из транспортных средств, в приемочной экспедиции, которая размещается в отдельном помещении склада, осуществляется приемка прибывшего в нерабочее время груза по количеству мест и его кратковременное хранение до передачи в основной склад; на участке приемки (размещается в основном помещении склада) - приемка товаров по количеству и по качеству (грузы на участок приемки могут поступать из участка разгрузки и из приемочной экспедиции); на участке хранения (главная часть основного помещения склада) ведется размещение груза на хранение, отборка груза из мест хранения; на участке комплектования (размещается в основном помещении склада) - формирование грузовых единиц, содержащих подобранный в соответствии с заказами покупателей ассортимент товаров; в отправочной экспедиции - кратковременное хранение подготовленных к отправке грузовых единиц, организация их доставки покупателю; на участке погрузки - погрузка товаров на транспортные средства (ручная и механизированная). ','http://www.znaytovar.ru/s/Organizaciya_skladskix_processo.html',21),(22,'При такелажных работах (погрузке, разгрузке, горизонтальном перемещении и подъеме) широко применяют канаты и стропы, которые могут быть пеньковые и стальные проволочные (тросы). Пеньковые канаты используют обычно для оснастки механизмов малой грузоподъемности (не более 200 кг), а стальные, как наиболее прочные,— для подъема и перемещения грузов более 200 кг. Стропы служат для подвешивания (подвязывания) груза на крюк подъемного механизма. Они могут быть универсальные, облегченные с кольцами и облегченные с крюками. Кроме канатов и стропов при такелажных работах применяют различные механизмы и приспособления: блоки, лебедки, полиспасты, тали, домкраты и др.\r\nБлоки служат для изменения направления каната и уменьшения тягового усилия при подъеме и перемещении грузов. По числу роликов блоки делятся на однороликовые, двухроликовые, трехроликовые и т. д.\r\nОднороликовые блоки, служащие для изменения направления каната, называются отводными. Ролики в этих блоках привязаны неподвижно у места изменения направления каната. Чтобы избежать протаскивания через блок данного конца каната, блоки выполняют с откидными деталями (щеками, серьгами). Отводные блоки вместо крюка для подвешивания груза снабжены серьгой. Диаметр ролика блока должен быть не меньше 10-кратного диаметра пенькового каната или 18-кратного диаметра стального каната (троса).\r\n\r\nЛебедки применяют ручные и электрические. Ручные служат для подъема, опускания и перемещения грузов в горизонтальной плоскости. По конструкции лебедки делятся на барабанные и рычажные. Рычажные лебедки имеют небольшие габариты, незначительную массу и легко переносятся одним рабочим.\r\nЭлектрические лебедки имеют то же назначение, что и ручные рычажные, но приводятся в действие электродвигателем через редуктор и снабжены электрическим тормозом.\r\nПолиспасты составляют из верхнего неподвижного и нижнего подвижного однороликовых или многороликовых грузовых блоков. Тяговое усилие на канате при одинаковом грузе определяется числом ниток каната в полиспасте. Полиспасты обычно применяют вместе с лебедками в грузоподъемных кранах, оснащенных тормозными устройствами.\r\n\r\nТали бывают ручные и электрические. Ручные тали представляют собой переносной грузоподъемный механизм, состоящий из цепного полиспаста и приводного механизма с тормозным устройством. По конструкции тали выполняют двух типов: с червячной и шестеренчатой передачами. Наиболее распространены тали с червячной передачей.\r\n\r\nТали неподвижно подвешивают у места работ и приводят в действие снизу ручным тяжением тяговой цепи 5, вращающей при этом тяговое колесо 2, осью которого служит червяк. Последний приводит во вращение червячное колесо / со звездочкой для захвата грузовой цепи 4. Грузовая цепь, один конец которой закреплен на неподвижной верхней части талей, вращает ролик 3 нижнего блока, приводя блок в поступательное движение, в результате чего груз поднимается или опускается. Тормозное устройство талей действует автоматически под давлением поднятого груза. Тормоз обеспечивает плавное опускание груза, которое происходит только при воздействии на тяговую цепь.\r\nЭлектрические тали (тельферы) в отличие от ручных оборудованы двумя электродвигателями: один служит для подъема груза, другой — для горизонтального передвижения талей по монорельсу. При подъеме груза электродвигатель через систему зубчатой передачи приводит во вращение барабан, на который наматывается стальной канат полиспаста. Механизм подъема груза снабжен электромагнитным тормозом. Электродвигатель передвижения через систему зубчатой передачи приводит во вращение ведущие колеса талей, которые катятся по монорельсу.\r\nДомкраты представляют собой переносные грузоподъемные механизмы, применяемые для подъема и перемещения на небольшое расстояние или для разворота в горизонтальной плоскости тяжелого оборудования и других грузов. По конструкции домкраты делятся на реечные, винтовые (или бутылочные) и гидравлические.\r\nРеечный домкрат состоит из деревянного или стального корпуса 3, внутри которого перемещается стальная зубчатая рейка 2, заканчивающаяся сверху поворотной головкой 1 для опоры груза, а снизу лапой 5 для подхвата и подъема низко расположенного груза. Рейка находится в зацеплении с зубьями шестерни, приводимой во вращение рукояткой 4. Для подъема и опускания груза рукоятку вращают в ту или другую сторону, в результате чего рейка перемещается в нужном направлении. Храповой механизм предотвращает опускание рейки под действием массы поднимаемого груза.\r\nВинтовой домкрат состоит из стального корпуса 3 с отверстием в верхней части, в которой имеется прямоугольная или трапецеидальная резьба, винта 7 и свободно поворачивающейся на нем головки I для упора груза, рычага 6 с храповиком. Для подъема или опускания груза качают рычаг с храповиком, а в некоторых домкратах поворачивают в нужную сторону винт с помощью стержня, вставляемого в отверстия винта. Винтовые домкраты обладают свойством самоторможения, вследствие чего исключается самоопускание винта под действием массы поднимаемого груза, что повышает надежность домкратов.\r\nГидравлические домкраты применяют для подъема тяжелого и крупногабаритного оборудования на небольшую высоту. Домкраты приводятся в действие или собственным ручным насосом, составляющим единое целое с домкратом, или отдельно стоящим насосом. Принцип работы домкрата основан на перемещении поршня в цилиндре под действием созданного насосом высокого давления рабочей жидкости (обычно масла). Массу поднимаемого груза воспринимает на себя поршень.\r\nРаботы по погрузке, разгрузке, подъему и перемещению грузов поручают рабочим, имеющим практический навык в выполнении их. При этом рабочих организуют в такелажные звенья и бригады под руководством квалифицированного бригадира. При выполнении такелажных операций к работе по управлению подъемными кранами, автопогрузчиками, электролебедками и другими механизмами и приспособлениями допускают рабочих, прошедших специальное обучение и получивших право на управление данным механизмом или приспособлением.\r\nПри выполнении любых работ разрешается применять только исправные механизмы, приспособления, механизированные и простые ручные инструменты. При необходимости их предварительно проверяют и испытывают в соответствии с требованиями техники безопасности.\r\n\r\n','http://forca.ru/spravka/instrumenty-i-mehanizmy/prisposobleniya-i-mehanizmy-dlya-takelazhnyh-rabot.html',22),(23,'Складские работы - это широкий спектр работ, необходимых для эффективного контроля, перемещения, хранения, продажи и покупки товаров, находящихся на базах, складах, в крупных торговых точках Заказчика. Мы уже несколько лет успешно выполняем самые разные погрузочно-разгрузочные работы, в том числе, высококачественные складские работы разного уровня сложности, сочетая их с транспортными услугами.\r\nПредоставляемые нами услуги грузчиков  включают упаковку, маркировку, сортировку, укладку и услуги по погрузке, а также любые разгрузочные работы с Вашими товарами (грузами). Благодаря наличию обширного автопарка мы можем осуществить качественные и безопасные грузовые перевозки по самым низким ценам. У нас Вы можете арендовать и новейшее оборудование для складских работ.\r\nЗаказать грузчиков, а также прочих опытных сотрудников и специальное оборудование для выполнения складских работ в нашей компании очень просто.  Диспетчер зарегистрирует Вашу заявку и задаст несколько предварительных вопросов (для оценки сложности складских работ и оптимального выбора менеджера, который будет отвечать за Ваши успешные складские работы любой сложности).\r\nВам даже не нужно посещать наш офис, в случае необходимости к Вам бесплатно прибудет наш менеджер для более детального обсуждения и планирования и оценки работ. После уточнения всех деталей мы с Вами подпишем договор, который определяет сроки и стоимость складских работ, а также прописывает обязательства обеих сторон.\r\nВ складские услуги, которые предоставляет бригада грузчиков и прочих опытных сотрудников нашей компании, входят следующие погрузочно разгрузочные работы:\r\n демонтаж оборудования, перенос и монтаж любого промышленного и бытового оборудования (от 1 единицы до полностью укомплектованных производственных линий),\r\n погрузка и разгрузка (погрузка и разгрузка фур, вагонов), перенос и перевозка грузов, их контроль на территории склада и в пути,\r\n такелажные работы высокой сложности на территории склада.\r\nМы несём полную материальную ответственность за всё имущество, с которым работаем. Наши сотрудники опытны в организации и осуществлении таких работ, как хранение любых товаров и ценностей, организация беспрерывного обслуживания ваших складов (торговых точек, производств), выполнении всех погрузочно разгрузочных работ, транспортировке товаров.\r\nМы будем рады разовому сотрудничеству и выполним Ваш заказ на складские работы тщательно и по доступным ценам. Мы сделаем всё для того, чтобы Вы остались довольны нашей работой и захотели обратиться в нашу компанию ещё не один раз, ведь это позволит Вам не обременять себя заботами о поиске, обучении и оформлении собственного персонала.\r\nВ случае постоянного сотрудничества с нами, Вы приобретёте надёжных и работящих профессионалов в лице опытных сотрудников нашей фирмы. Мы способны оперативно и грамотно организовать работу в любых складских помещениях, создавая чёткую систему упаковки, маркировки, оперативно выполняя погрузочно разгрузочные работы. Работа с нами позволит Вам с лёгкостью контролировать количество и расположение товаров на складе любых размеров.\r\nСотрудничая с нашей компанией, Вы получаете в своё распоряжение не только опытных сотрудников (грузчиков, комплектовщиков, такелажников, водителей и т.д.), но можете взять в аренду новейшую технику для складских работ. Мы предлагаем своим заказчикам широкий выбор гидравлических тележек, штабелеров, ричтраков, вилочных погрузчиков, навесного оборудования, а также подъёмников (подъёмных платформ) для любых погрузрочно разгрузочных работ.\r\nВсе наши сотрудники прошли необходимое обучение и у них есть документы, подтверждающие высокий уровень квалификации и право на работу с Вашей (или же нашей) складской техникой.\r\nАренда спецтехники оплачивается отдельно. \r\nПодсчёт полной стоимости складских работ возможен только при личной встрече с менеджером.','http://www.pogruzhu.ru/sklad.php',23),(24,'Наша компания организует вынос бытового и строительного мусора с транспортировкой и утилизацией в соответствующих пунктах.','http://polihimstroy.ru/',24),(25,'Высокоактивный компонент, не содержащий консервантов. Прозрачный гель амфотерного типа, содержание активного вещества - 36-38%, рH 4,5 - 5,0. Мягкое со-ПАВ в смеси с анионными ПАВ и диэтаноламидами.','http://beauty.net.ru/public/ingredienty_kosmeticheskikh_sredstv_ot_a_do_ya_/',25),(26,'Пенообразова́тели — вещества, участвующие в процессе вспенивания. Существуют натуральные и синтетические пенообразователи.\r\n\r\nПищевые пенообразователи\r\nПрименяются в производстве, например, халвы, добавляются в напитки. Основой многих из них является сапонин.\r\n\r\nяичный белок\r\nагар-агар\r\nсолодковый корень\r\nмыльный корень (корень колючелистника)\r\nкорень алтея\r\nE999 — экстракт Квиллайи (en:Quillaia)\r\nE1505 — триэтилцитрат\r\nПенообразователи, используемые в строительстве[править | править вики-текст]\r\nПрименяются для производства ячеистых бетонов (пенобетона, пеногипса, пеномагнезита).\r\n\r\n1. Пенообразователи, применяемые для получения пены, смешиваемой с вяжущим (способ сухой минерализации пены) или затворенным вяжущим. Характеризуются стойкой пеной с равномерной структурой. Для вспенивания используют специальные устройства — пеногенераторы, поризаторы и пр.\r\n\r\nВ XIX веке строители подмешивали бычью кровь, в начале XX века — мыльный корень. В настоящее время применяются в основном готовые пенообразователи, выпускаемые как товарные продукты. В таких пенообразователях в качестве основы используются гидролизаты белков растительного и животного происхождения, полученные на основе крови, а также смолу древесную омыленную (клееканифольный пенообразователь, СДО) и различные синтетические пенообразователи.\r\n\r\n2. Пенообразователи, непосредственно вводимые в затворенное вяжущее. Воздух в структуру материала захватывается для быстрого перемешивания смеси (турбулентный способ и баротехнология). В подобных системах используют только синтетический пенообразователь, так как он быстро вспенивается и выдерживает высокое давление. При работе же с пеногенераторами применяют белковый (он же протеиновый, органический) пенообразователь, так как уже готовый вспененный раствор соединяется со смесью и не подвергается избыточному давлению, пена в данном случае получается более устойчивой и вязкой, межпоровые перегородки толще, и благодаря этому, конечный продукт обладает более высокой прочностью и наилучшими эксплуатационными качествами.\r\n\r\nПенообразователь для пожаротушения - Концентрированный водный раствор стабилизатора пены (поверхностно-активного вещества), образующий при смешении с водой рабочий раствор пенообразователя или смачивателя.\r\n\r\nПрименяются для тушения пожаров и согласно ГОСТ Р 50588-2012 делятся на пенообразователи общего и целевого назначения.\r\n\r\nПенообразователи общего назначения - пенообразователи, используемые для получения пены различной кратности и растворов смачивателей при тушении горючих жидкостей, твердых горючих материалов, волокнистых и тлеющих веществ, для защиты строительных конструкций, технологических аппаратов и хранящихся материалов от воздействия тепловых потоков. По химическому составу пенообразователи общего назначения классифицируются как синтетические углеводородные типа S.\r\n\r\nПенообразователи целевого назначения - пенообразователи, используемые в основном при тушении нефти, нефтепродуктов, водонерастворимых и водорастворимых горючих жидкостей. По химическому составу пенообразователи целевого назначения подразделяют на: синтетические углеводородные типов S, S/AR; синтетические фторсодержащие типов AFFF, AFFF/AR, AFFF/AR-LV; фторпротеиновые типов FP, FFFP, FP/AR и FFFP/AR.\r\n\r\nПо способности образовывать пену определенной кратности на стандартном пожарном оборудовании пенообразователи подразделяются на виды: • пенообразователи для тушения пожаров пеной низкой кратности (кратность пены от 4 до 20); • пенообразователи для тушения пожаров пеной средней кратности (кратность пены от 21 до 200), при этом кратность пены при проведении стандартных испытаний для пленкообразующих пенообразователей должна быть не менее 40; • пенообразователи для тушения пожаров пеной высокой кратности (кратность пены более 200).\r\n\r\nСинтетические пенообразователи.\r\nПрименяются в производстве моющих средств и пен для пожаротушения.\r\n\r\nПенообразователи для металлов\r\nДобавляются в расплавленные металлы, выделившийся водород придаёт застывшей отливке ячеистую структуру (пенометалл). Примеры:\r\n\r\nпорошковый гидрид титана\r\nпорошковый гидрид циркония(II)','https://ru.wikipedia.org/wiki/%D0%9F%D0%B5%D0%BD%D0%BE%D0%BE%D0%B1%D1%80%D0%B0%D0%B7%D0%BE%D0%B2%D0%B0%D1%82%D0%B5%D0%BB%D1%8C',26),(27,'БЕНЗОЛСУЛЬФОКИСЛОТЫ C6H6_n(SO3H)n, бесцветные, очень гигроскопичные и расплывающиеся на воздухе кристаллы; раств. в воде, спиртах, ацетоне, плохо - в бензоле, не раств. в гексане. Большинство из них не имеет четких т-р плавления, поэтому для идентификации используют их хлорангидриды, кристаллич. бензилтиурониевые соли, напр. С6Н5SО3-[(H2N)2CSCH2C6H5]+ , или амиды (см. Бензолсульфохлориды, Бензолсулъфамиды). Многие бензолсульфокислоты выделены лишь в виде Na-солей. Практич. значение имеют: бензолмоносульфокислота (ф-ла 1) - мол. м. 158,18; т. пл. 65-66°С [для моногидрата и гемигидрата 45-46 и 43-44°С соотв.;1052-26.jpg 12,58*10-30 Кл*м (бензол; 25°С)]; бензол-1,3-дисульфокислота - мол. м. 238,21; т. затв. 137°С \r\n1052-27.jpg\r\n\r\nБензолсульфокислоты - сильные к-ты, напр. для монобензолсульфокислоты рКа 0,7. При взаимод. с РС15, SOC12, SO2C12, COC12 или др. образуют сульфохлориды, со спиртами-сложные эфиры, напр. C6H5SO2OR. При плавлении со щелочами сульфогруппы замещаются на гидроксил; при нагр. с KCN до 80-100°С получают нитрилы. Бензолпента- и бензолгексасульфокислоты устойчивы к действию электроф. и нуклеоф. реагентов. Сульфогруппа в бензолсульфокислотах пассивирует ароматич. кольцо и является мета-ориентантом. Так, при сульфировании к-ты I высококонц. олеумом образуется только бензол-1,3-дисульфокислота; дальнейшее сульфирование до бензол-1,3,5-трисульфокислоты удается осуществить только при нагр. до 275°С с 65%-ным олеумом в присут. солей Hg; бензолмоносульфокислоту не удалось ацилировать по р-ции Фриделя-Крафтса. Бензол-1,3-дисульфокислота при длительном нагревании в 90%-ной H2SO4 при 235°С частично изомеризуется в бензол-1,4-дисульфокислоту; равновесная смесь содержит 66% 1,3-изомера и 34% 1,4-изомера.\r\n\r\nВ пром-сти бензолмоносульфокислоту получают пропусканием перегретых паров бензола (150-160°С) через нагретую до 100-120°С 94-96%-ную H2SO4; выделяют в виде Na-соли (т. пл. 490 °С с разл.). Применяют в произ-ве фенола, а также как катализатор этерификации, дегидратации, полимеризации и деполимеризации. Способ получения бензол-1,3-дисульфокислоты-нагревание к-ты I при 80°С с 65%-ным олеумом. Применяют ее в произ-ве резорцина и азокрасителей. Бензол-1,2,4,5-тетрасульфокислоту синтезируют гидролизом бензолгексасульфокислоты 10%-ной H2SO4 при 180°С; выделена в виде тетра-Nа-соли; выход 87%. Т-ра плавления ее бензилтиурониевой соли 248-249°С. Пента-Nа-соль бензолпентасульфокислоты получена кипячением reKca-Na-соли бензолгексасульфокислоты с порошком Fe; выход 95,4%. Т-ра плавления ее бензилтиурониевой соли 146-147°С Бензолгексасульфокислота получена взаимод. 2,3,5,6-тетрахлорнитробензола с Na2SO3 в присут. CuSO4; выход 75%. Выделена в виде тригидрата. Т-ра плавления ее бензилтиурониевой соли 231,5-232,5°С В ИК-спектре отсутствуют полосы колебаний ароматического кольца.\r\n\r\n\r\n===\r\nИсп. литература для статьи «БЕНЗОЛСУЛЬФОКИСЛОТЫ»: Ворожцов H. R, Основы синтеза промежуточных продуктов и красителей, 4 изд., М., 1955; Сигэру Оаэ, Химия органических соединений серы, пер. с япон., М, 1975; Kirk-Othmer encyclopedic, 3 ed, v. 22, N.Y., 1982, p. 48. H.H. Артамонова. \r\n\r\nСтраница «БЕНЗОЛСУЛЬФОКИСЛОТЫ» подготовлена по материалам химической энциклопедии.','http://www.xumuk.ru/encyklopedia/527.html',27),(28,'Алкилбензолсульфокислота — ценный продукт органической химии. Получается сульфированием линейного алкилбензола и используется для получения алкилбензолсульфонатов — компонентов моющих средств, ПАВ для флотации руд. Применяется в качестве пенообразователя для пеноизола.\r\n\r\nПо внешнему виду АБСК представляет собой вязкую жидкость от коричневого до чёрного цвета в зависимости от марки. Имеет классификацию А, Б, В.\r\n\r\nКомпоненты, получаемые с помощью АБСК: алкилбензолсульфокислоты (ТЭА-АБСК), сульфонол порошкообразный (натриевая соль алкилбензолсульфокислоты), кальциевая соль алкилбензолсульфокислоты и некоторые другие. Моющие средства, изготовленные на основе компонентов полученных с использованием АБСК, не корродируют поверхность изделий.\r\n\r\nЛинейная алкилбензолсульфокислота\r\nФизические и химические свойства\r\n\r\nФормула: R–С6Н4SO3H, где R для основной фракции = С12Н25 – С14Н29\r\nОснова: 96 + 0,5 %;\r\nВода: 0,5 — 1,0 %;\r\nСвободное масло: 2,5 + 0,5 %;\r\nСерная кислота: 1,0 + 0,5 %;\r\nМолекулярный вес по ТУ: 318 – 326 г/моль;\r\nЦвет: коричневый;\r\nЗапах: острый, едкий;\r\npН: (1 % раствор при 25 °C): 1 – 2;\r\nТочка воспламенения: 100 °C;\r\nОтносительная плотность (при 25 °C): около 1,05 г/см3;\r\nРастворимость: смешивается с водой;\r\nВязкость (25 °C): около 2000 мПа·с;\r\nВ СНГ выпускается ЛАБСА согласно ТУ 2484—036-04669375-96 марок А, Б и В. Они отличаются между собой по массовой доли ЛАБСА: 96% (А), 90 %(Б), 80 %(В).\r\n\r\nСодержание серной кислоты в них: до 2 % (А), до 5 % (Б), до 15 % (В) соответственно.\r\n\r\nМассовая доля несульфированных соединений (в пересчете на основное вещество), % не более: 5 (А), 10 (Б), 15 (В).\r\nПлотность (при 50 °C): 1 — 1,2 г/см³.\r\nЦветность водного раствора ЛАБСА с массовой долей 5 % по методу Клетта, не более 80 (А), 100 (Б). Водные растворы ЛАБСА устойчивы к нагреванию. Поверхностная активность ЛАБСА возрастает с увеличением длины цепи (С9 — С14). Растворимость в воде снижается с увеличением длины углеводородного радикала. ЛАБСА с длиной углеводородной цепи до С15 хорошо растворима в воде. ЛАБСА имеет высокую пенообразующую способность. Она образует устойчивую пену как в д.в., так и жесткой воде. Устойчивость пены в жесткой и д.в. при всех концентрациях составляет 85 — 90 %. Алкилбензосульфонаты (С12- С14) образуют устойчивую и высокую пену, а у гомологов С15 — С16 устойчивость пены и её высота уменьшаются. Моющим действием обладают алкилбензосульфонаты с длиной цепи С10 — С14. Оптимальное моющее действие у С12. Моющая способность алкилбензосульфонатов не снижается в жесткой воде.\r\n\r\nМеры первой помощи При вдыхании: не влияет; После контакта с кожей: немедленно промыть избыточным количеством воды, удалить загрязненную одежду. Наложить бинтовую повязку со стерильной ватой, обратиться к врачу. После контакта с глазами: промыть избыточным количеством проточной воды (10 мин). Наложить бинтовую повязку со стерильной ватой. Пройти осмотр у врача. После проглатывания: промыть ротовую полость, выпить большое количество воды, обратиться к врачу. ЛАБСА раздражающе действует на кожу (аналогично серной кислоте). Может содержать и выделять диоксид и три оксид серы.\r\n\r\nМеры пожаротушения и ликвидации аварий Подходящие средства пожаротушения: подходят любые средства, приемлемые с точки зрения безопасности; Особые опасности, происходящие как от самого продукта, так и от продуктов сгорания или от выделяющихся паров: не известен; При ликвидации аварий избегайте контакта с кожей и глазами. Не допускайте утечки в канализационные системы. Удаляйте с помощью материалов, абсорбирующих жидкость (песок, торф, опилки). Промойте остаток избытком воды.\r\n\r\nИспользование и хранение Использование: когда разбавляете, всегда перемешивайте продукт со льющейся водой. Избегайте открытого огня. Хранение: держите контейнер плотно закрытым; не используйте контейнеры, подверженные эрозии. Подходящий материал для хранения: пластик; Класс хранения: VСАкласс хранения: 8 (BRD).\r\n\r\nЛичная защита Информация по системе проектирования: не требуется специальных средств; Компоненты со специфическими контролируемыми параметрами: нет; Защита рук: защитные перчатки, сделанные из резины; Защита глаз: плотно прикрывающие очки.\r\n\r\nСтабильность и реакционноспособность Условия, которых следует избегать: не разлагается, если использовать в соответствии со спецификацией. Материалы, которых следует избегать: не известны, если используются в соответствии с предназначаемыми целями. Опасные продукты разложения: в случае пожара образуются оксиды серы.\r\n\r\nЭкологическая информация Следующие экологические данные установлены на основании видов сырья, содержащих продукт и/или сравнительных веществ. Распространяемость и разлагаемость: легко и быстро разлагается — все индивидуальные органические вещества, содержащиеся в продукте, достигают величин в тестах для легко разлагаемых — по крайней мере 60 % ВОД/СОД или 70 % ДОС сокращения (величина толерантности для классификации как легко разлагаемого). ДОС >= 70% снижение ВОД/СОД >= 60% за 28 дней. Поверхностно-активные вещества, содержащиеся в продукте, определены требованиями по биоразлагаемости законодательства по ПАВ, в значениях не менее 90 % разлагаемости.\r\n\r\nВодная токсичность:\r\n\r\nОстрая токсичность для рыб: LC 50 > 1 до 10 мг продукта/л.\r\nОстрая токсичность для бактерий: EC50 > 10 до 100 мг прод./л.\r\nКласс опасности: 3\r\n\r\nУтилизация Нейтрализовать свободную кислоту. Мусоросжигание или специальное захоронение с разрешения ответственных местных властей.','https://ru.wikipedia.org/wiki/%D0%90%D0%BB%D0%BA%D0%B8%D0%BB%D0%B1%D0%B5%D0%BD%D0%B7%D0%BE%D0%BB%D1%81%D1%83%D0%BB%D1%8C%D1%84%D0%BE%D0%BA%D0%B8%D1%81%D0%BB%D0%BE%D1%82%D0%B0',28),(29,'Fairy (англ. Fairy — фея) — средство для мытья посуды, производимое компанией Procter & Gamble и продающееся под данным названием в большинстве стран Европы (в Швеции под названием YES) и под названием Dawn в Америке.\r\n\r\nАссортимент\r\nВ настоящее время в России представлен подбренд Fairy Oxi. Этот продукт был разработан в брюссельском инновационном центре компании P&G и соответствует ГОСТ Р 51021-97. Производитель рекомендует разводить 5 мл средства в 5 л воды.\r\n\r\nВ настоящее время на российском рынке представлены:\r\n\r\nсерия Fairy Oxi:\r\nАпельсин и лимонник;\r\nЯблоко;\r\nЛимон;\r\nЛесные ягоды;\r\nЯгодная свежесть.\r\nсерия Нежные руки:\r\nРомашка и витамин Е;\r\nЧайное дерево и мята.\r\nсерия Platinum:\r\nЛимон и лайм;\r\nЛедяная свежесть.\r\nсерия ProDerma:\r\nАлоэ вера и кокос;\r\nШёлк и орхидея.\r\nFairy капсулы для посудомоечных машин.\r\nСостав\r\nСостав средства для мытья посуды Fairy Hand Dish Lemon:\r\n\r\nвода;\r\nлауретсульфат натрия (анионное ПАВ);\r\nоксид лаурамина (неионогенное ПАВ);\r\nполипропиленгликоль (растворитель);\r\nхлорид натрия;\r\nотдушка;\r\nэтоксилат-пропоксилат полиэтиленимина;\r\nфеноксиэтанол (консервант);\r\n1,3-циклогександиметиламин (комплексообразователь);\r\nгидроксид натрия (регулятор реакции среды);\r\nметилизотиазолинон (консервант);\r\nпропиленгликоль ;\r\nкрасители;\r\nлимонен (отдушка);\r\nлиналоол.\r\nРезультаты тестов\r\nВ тесте журнала «Покупка» в 2004 году средство Fairy получило награду «Достойная покупка» за лучший количественный показатель вымытых тарелок, самую низкую стоимость мытья одной тарелки (около 2 копеек) и второе место в тесте на качество смывания и моющую способность. Лидером стало средство Pril.\r\n\r\nВ журнале «Бытовая техника» в 2004 году опубликован тест 30 средств для мытья посуды, в том числе и средства Fairy.\r\n\r\nТестирование проводилось в «НИЦБытхим», в соответствии с ГОСТ и рекомендациями ISO для средств для мытья посуды. Тестирование проводилось по нескольким параметрам.\r\n\r\nЧисло тарелок которые можно отмыть 5 мл средства (из расчёта 1 мл средства на 1 литр воды, как рекомендует большинство производителей). Fairy 3 место «отлично», уступив AOS.\r\nСмываемость с посуды. В соответствии с ГОСТ Р 51021-97, показателем служит количество ПАВ, остающихся на посуде после смывания средства и ополаскивания (смывание и ополаскивание производится последовательно в трех емкостях, содержащих по 1 л дистиллированной воды). Чем больше ПАВ остается на посуде, тем хуже смываемость. Для всех средств, участвовавших в тесте, этот параметр ниже предписанного ГОСТом значения (то есть, все средства удовлетворяют стандарту по смываемости). При использовании для ополаскивания проточной воды количество ПАВ, остающихся на посуде, будет еще меньше.\r\nПенообразование (в соответствии с ГОСТ 22567.1-77). По параметрам «высота пены» и «устойчивость» Fairy заняло 1-е место.\r\nУровень pH (по ГОСТ 22567.5-93). У Fairy уровень pH самый высокий — 8,1. Самый низкий 6,4 у Pril. Тестеры замечают, что раздражающее действие на руки связано не с уровнем pH, а является следствием воздействия обезжиривающих веществ. Чем эффективнее средство удаляет жир, тем сильнее обезжиривается и кожа рук.\r\nВязкость. В результате выяснилось, что прямой зависимости между вязкостью и качеством мытья нет. Густое средство легче дозировать. Средства с наилучшей моющей способностью имеют средний показатель вязкости. Fairy: 19 место из 30.\r\nЭкономичность (общее число тарелок, которое можно вымыть с помощью бутылки каждого средства). Было установлено три параметра: «стоимость мытья 100 тарелок с пеной», «стоимость мытья 100 тарелок всего». Средство Fairy заняло 6 место, попав в раздел «Очень выгодно» (стоимость мытья 100 тарелок до 50 копеек). С помощью одной бутылки средства Fairy тестерам удалось вымыть максимально 6000 тарелок, минимальная стоимость мытья 100 тарелок составила 47 копеек (при соблюдении рекомендации производителя 5 мл средства на 5 литров воды). Первое место у средства AOS.\r\nКроме того, в мире неоднократно выявлялся отличный результат при чистке вещей. Средство отлично очистит любую ткань от жирных пятен; при интенсивном втирании, чистке с малой долей воды не меньше минуты и полоскании с большим количеством воды.','https://ru.wikipedia.org/wiki/Fairy',29),(30,'Бутилгликоль (2-бутоксиэтанол, бутилцеллозольв, монобутиловый эфир этиленгликоля, бутилэфир) — химическое соединение с формулой C6H14O2, является гликолевым эфиром.\r\nШироко используется в качестве растворителя лакокрасочных покрытий, целлюлозы и смол.\r\nВ чернилах для печати.\r\nВ качестве чистящего средства.\r\nФизиологическое действие.\r\nРезультаты лабораторного исследования показали, что при повторном вдыхании или воздействии на кожу подопытных животных это вещество не вызывает повреждения костного мозга или половых желез. Главным действием вещества было повреждение эритроцитов; повреждение почек и изменении размеров печени наблюдалось при высоких уровнях воздействия. Вредного воздействия на эритроциты человека при высоких концентрациях бутилгликоля в воздухе (до 200 промилле) не обнаружено. Вещество легко проникает сквозь кожу, что приводит к значительному поглощению и соматической токсичности.\r\n\r\nДействие на окружающую среду.\r\nСпособен распространяться по поверхностным и грунтовым водам вследствие растворимости в воде. Легко разлагается микроорганизмами.','https://ru.wikipedia.org/wiki/%D0%91%D1%83%D1%82%D0%B8%D0%BB%D0%B3%D0%BB%D0%B8%D0%BA%D0%BE%D0%BB%D1%8C',30),(31,'Нетканые текстильные материалы — материалы из волокон или нитей, соединённых между собой без применения методов ткачества.\r\n\r\nИстория развития отрасли нетканых материалов \r\nНачалом эпохи нетканых материалов считаются 1930-е годы. Первые образцы были созданы в Европе. Это были полотна из вискозных волокон, скрепленных между собой химическими связующими. Несколько позже были освоены и другие способы их получения, различающиеся как по виду сырья, так и по способу скрепления.\r\n\r\nПроцесс развития отрасли нетканых материалов в России можно разбить на четыре этапа:\r\n\r\nПервый этап — становление отрасли (60-70-е годы).\r\nВторой этап — её расцвет — (80-е годы).\r\nТретий этап — резкий спад производства (90-е годы).\r\nЧетвёртый этап — подъём производства и перспективы развития нетканых материалов в настоящее время.\r\nНа первом этапе были разработаны нетканые материалы валяльно-войлочным, вязально-прошивным и клеевым способами производства.\r\n\r\nВторой этап развития отрасли характеризуется высокими темпами роста производства нетканых материалов не только бытового, но и технического назначения. Начиная с 1975 года, в связи с дефицитом хлопчатобумажных тканей для нужд населения, перед наукой была поставлена задача заменить технические ткани на нетканые материалы.\r\n\r\nТретий этап развития нетканых материалов характерен резким спадом производства, который длился с 1992 года по 1998 год. Объём выпуска нетканых полотен за данный период сократился почти в 15 раз.\r\n\r\nЧетвёртый этап характеризуется резким увеличением производства. После обвала российского рубля в 1998 году сильно подорожали нетканые материалы, ввозимые из Турции, Польши, Германии. Поэтому и возрос спрос на отечественную продукцию, в результате чего объём выпуска увеличился почти в 4 раза.\r\n\r\nКлассификация\r\nНетканые материалы в зависимости от методов скрепления подразделяются на четыре класса[4]:\r\n\r\nскреплённые механическим способом;\r\nскреплённые физико-химическим способом;\r\nскреплённые комбинированным способом\r\nскреплённые термическим способом (термоскрепление).\r\nИсходное сырьё\r\nНетканые материалы вырабатываются как из натуральных (хлопковых, льняных, шерстяных), так и из химических волокон (например, вискозных, полиэфирных, полиамидных, полиакрилонитрильных, полипропиленовых), а также вторичного волокнистого сырья (волокна, регенерированные из лоскута и тряпья) и коротко-волокнистых отходов химической и других отраслей промышленности.\r\n\r\nТехнологии получения\r\nОсновные технологические операции получения нетканых материалов[5]:\r\n\r\nПодготовка сырья (рыхление, очистка от примесей и смешивание волокон, перемотка пряжи и нитей, приготовление связующих, растворов химикатов и т. д.).\r\nФормирование волокнистой основы.\r\nСкрепление волокнистой основы (непосредственно получение нетканого материала).\r\nОтделка нетканого материала.\r\nСпособы получения нетканого материала \r\nОсновной стадией получения нетканых материалов является стадия скрепления волокнистой основы, получаемой одним из способов: механическим, аэродинамическим, гидравлическим, электростатическим или волокнообразующим.\r\n\r\nСпособы скрепления нетканых материалов:\r\n\r\nХимическое или адгезионное скрепление (клеевой способ) — сформованное полотно пропитывается, покрывается или орошается связующим компонентом, нанесение которого может быть сплошным или фрагментированным. Связующий компонент, как правило, применяются в виде водных растворов, в некоторых случаях используют органические растворители.\r\nТермическое скрепление — в этом способе используются термопластичные свойства некоторых синтетических волокон. Иногда используются волокна, из которых состоит нетканый материал, но в большинстве случаев в нетканый материал еще на стадии формования специально добавляют небольшое количество волокон с низкой температурой плавления («бикомпонент»).\r\nМеханическое (фрикционное) скрепление:\r\n\r\nиглопробивный способ.\r\nвязально-прошивной способ.\r\nгидроструйный способ (технология Спанлейс).\r\nТехнология Спанлейс.\r\nТехнология Спанлейс появилась в 60-х годах прошлого века, но впервые была официально представлена фирмой DuPont в 1973 году (материал Сонтара®) и была результатом напряженной работы, проделанной фирмами DuPont и Chicopee. В 90-х годах прошлого века струйная технология значительно шагнула вперёд и стала более производительной[7] и доступной для многих производителей нетканых материалов.\r\n\r\nТехнология гидросплетения основана на переплетении волокон материала высокоскоростными струями воды под высоким давлением. Обычно полотно скрепляется на перфорированном барабане с помощью струй воды, бьющих под высоким давлением из форсуночных балок. За счёт этих струй волокна холста связываются между собой.\r\n\r\nЛидером и новатором в области технологии спанлейс является фирма «Rieter»[8].\r\n\r\nИглопробивные материалы\r\nПри данной технологии холст формируется из нарезанного («штапельного») волокна либо из непрерывных нитей («филаментов»), полученных из расплава полимера. Волокна формуются из полимера фильерно-раздувным способом и практически одновременно укладываются в холст. Единичные волокна конечной длины («штапельки») в чесальной машине ориентируются преимущественно в горизонтальном направлении и формируются в холст («ватку»).\r\n\r\nВпоследствии уложенный холст проходит процедуру скрепления механическим способом путём пробивания полотна иглами специальной конструкции треугольного сечения, с одной либо двух сторон. Целью иглопробивания является уплотнение уложенных филаментов («штапелек») и спутывание их между собой. На данном этапе технологического процесса полотно приобретает свои прочностные свойства, которые могут варьироваться в зависимости от характера дальнейшего применения иглопробивных полотен. При необходимости пробитый холст проходит процедуру дополнительного термоскрепления при помощи каландра. Так же для иглопробивных полотен используемых в качестве основы для полимерных покрытий (линолеум, искусственная кожа, кабельная продукция), применяется дополнительное прогревание в промышленных печах, т. н. «усадка».\r\n\r\nИглопробивная технология очень популярна, поскольку полученный по такому способу производства продукт имеет уникальное сочетание прочностных и потребительских характеристик.\r\n\r\nОтрасли применения иглопробивных нетканых полотен: геотекстиль, фильтры, линолеум, ковровые покрытия, автомобилестроение, мягкая мебель, искусственная кожа, одежда, обувная промышленность, галантерея.\r\n\r\n\r\nМешки из нетканного геотекстиля прочнее мешков из тканых материалов той же толщины\r\nТехнология Спанджет.\r\nТехнология, при которой окончательная фиксация происходит с помощью водных струй под высоким давлением. Прочность готового материала несравнимо выше, чем у нетканого полотна, скрепленного любыми иными способами.\r\n\r\nТехнология Термопол.\r\nТехнология внедрена в 2004-2005 гг. в России производителем популярных нетканых материалов \"Холлофайбер\". Суть технологии - воздействие высоких температур (до 260 С) на полиэфирные (в том числе полые, \"hollow+fiber\") и другие химические волокна посредством многосекционных печей, в которых волокна разных типов подплаляются и путем вулканизации плотно соединяются друг с другом экологичным бесклеевым способом. Такой способ позволяет получать полотна и пласты \"Холлофайбер\" практически для всех отраслей промышленности.\r\n\r\nТехнология Струтто.\r\nТехнология пришла в Россию из Италии. «Strutto» обозначает вертикальную укладку волокон при производстве нетканых материалов. Впервые технология была применена в России компанией \"Фабрика Нетканых Материалов «Весь Мир» для производства нетканого наполнителя для мягкой мебели СтруттоФайбер® («Нетканые независимые пружины»).\r\n\r\nНа Украине производство по данной технологии освоено компанией «ВЕЛАМ», нетканый материал известен под названием «Спрут».\r\n\r\nТехнология AirLay.\r\nТехнология AirLay — это система образования волокон, готовых для иглопробивания и термофиксации. Данная технология предназначена как замена устаревшим кардочесальным машинам и холстоукладчикам. Производительность такой линии позволяет производить около 1500 кг готовой продукции в час. Грамматура производимого материала варьируется от 150 г/м² до 3500 г/м². Использование технологии AirLay разнообразно. Например, автомобильная промышленность, сельское хозяйство, мягкая мебель (материал Би-Кокос), строительство, одежда и упаковка.\r\n\r\nТехнология Айрлайд.\r\nАйрлайд — тип нетканых материалов, получивший своё название от способа его производства — воздушная (air) укладка (laid). Айрлайд-материал представляет собой нетканое полотно из природной целлюлозы хвойных пород древесины, бикомпонентного штапельного волокна и добавок. В отличие от обычного процесса изготовления волокна, Айрлайд не использует воду в качестве среды для производства волокна. Единственное производство в России осуществляется компанией ООО «Си Айрлайд».\r\n\r\nТехнология Аэродинамика.\r\nПри аэродинамическом способе расчесанные волокна увлекаются потоком воздуха и переносятся по каналу (диффузору) на сетчатый барабан или транспортер, где укладываются с образованием холста бесслойной структуры (неориентированное расположение волокон).\r\n\r\nПрименение.\r\nМатериалы, изготовленные по технологии Спанлейс, используются для хозяйственных нужд; для гигиенического применения — протирочные салфетки; для медицинских нужд, в частности хирургических, — одноразовая медицинская одежда, а также для технического применения в соответствии со строгими требованиями клиента.\r\nМатериалы, изготовленные по технологии Спанбонд, используются в автодорожном и железнодорожном строительстве в качестве распределяющего нагрузку основания, при строительстве шламоотвалов — в качестве дренирующего слоя, в промышленном и гражданском строительстве — в качестве тепло- и пароизоляции.','https://ru.wikipedia.org/wiki/%D0%9D%D0%B5%D1%82%D0%BA%D0%B0%D0%BD%D1%8B%D0%B5_%D1%82%D0%B5%D0%BA%D1%81%D1%82%D0%B8%D0%BB%D1%8C%D0%BD%D1%8B%D0%B5_%D0%BC%D0%B0%D1%82%D0%B5%D1%80%D0%B8%D0%B0%D0%BB%D1%8B',31),(32,'    Этиленгликоль широко применяется как в качестве анти- фриза, так и для изготовления сложных эфиров, неорганических и органических кислот. Известно, что динитрат этиленгли-коля является важным взрывчатым веществом, входящим в состав динамита. Ацетаты и фталаты этиленгликоля являются пластификаторами. Этиленгликоль с двухосновными органическими кислотами образует полиэфиры с высоким молекулярным [c.16]\r\n\r\n  С двухосновными кислотами этиленгликоль образует сложные эфиры, поликонденсацией которых получают различные смолы и пластификаторы. [c.318]\r\n\r\n    В большинстве случаев применения спиртов примесь углеводородов допустима. Однако иногда, например в производстве пластификаторов, требуются спирты с минимальным содержанием углеводородов. Для очистки спиртов от углеводородов применяется азеотропная ректификация с низшими спиртами, а также экстракция этиленгликолем, диэтиленгликолем и другими полярными растворителями. Смесь спиртов, если это требуется, можно разделять кристаллизацией в селективных растворителях на предельные и непредельные. [c.36]\r\n\r\n    Этиленгликоль применяют в основном в качестве антифриза для двигателей внутреннего сгорания, например в автомобилях или самолетах. Он гораздо менее летуч, чем метиловый спирт, и имеет меньший молекулярный вес, чем глицерин. Этиленгликоль используют также для производства различных сложных эфиров как органических, так и неорганических кислот. Динитрат этиленгликоля — взрывчатое вещество, входящее в состав динамитов, замерзающих при низкой температуре. Ацетаты и фталаты этиленгликоля служат пластификаторами. Их можно также получить непосредственно из окиси этилена и соответствующей кислоты или ее ангидрида (стр. 363). [c.355]\r\n\r\n    Диэтиленгликоль используют как растворитель и жидкость для гидравлических тормозов. В текстильной промышленности его применяют в качестве мягчителя. Диэтиленгликоль можно использовать как увлажнитель, как средство для осушки газов и в качестве вспомогательного вещества при крашении и печати. Представляют интерес сложные эфиры диэтиленгликоля. Его динитрат, а также динитрат этиленгликоля расходовали в Германии в больших количествах во вторую мировую войну как взрывчатое вещество промышленного назначения. Сложные эфиры одноосновных карбоновых кислот, например уксусной, служат пластификаторами с многоосновными кислотами диэтиленгликоль образует в результате конденсации синтетические смолы (полиэфиры). [c.356]\r\n\r\n    Чтобы уменьшить хрупкость и повысить морозостойкость, в эпоксидные смолы добавляют пластификаторы полиэфиры (например, диметакриловый эфир этиленгликоля), дибутилфталат и др. Смеси эпоксидных смол с отвердителями, наполнителями (иногда с пластификаторами) называют эпоксидными компаундами. [c.259]\r\n\r\n\r\n    Этиленгликоль широко используют в качестве антифриза, при получении пластификаторов (смягчи гелей), используемых в лакокрасочной промышленности. [c.325]\r\n\r\n    Этиленгликоль применяется также как пластификатор и в производстве синтетических волокон. [c.262]\r\n\r\n    У целлюлозы как аморфно-кристаллического полимера возможны переходы релаксационных (физических) состояний в ее аморфных участках. У сухого целлюлозного волокна аморфная фаза находится в стеклообразном состоянии. Температура стеклования целлюлозы Тс лежит выше температуры деструкции, и перевод аморфной части целлюлозы (как и кристаллической) в высокоэластическое состояние нагреванием невозможен. Однако пластификация волокна, например, глицерином, этиленгликолем, водой, ледяной уксусной кислотой и др. снижает температуру перехода и делает возможным переход целлюлозы из стеклообразного состояния в высокоэластическое. Это позволяет экспериментально определять Т< целлюлозы методом термомеханического анализа на пластифицированных образцах с постепенно уменьшающейся долей пластификатора и последующим фафическим экстраполированием на ее нулевое значение. Найденное таким методом значение Тс составляет около 220°С. [c.244]\r\n\r\n    При получении специальных марок пластификаторов находит применение бутилцеллозольв [53], получаемый в основном оксиэтилированием н-бутанола. Вследствие недостаточной чистоты исходного сырья и из-за протекания побочных процессов бутилцеллозольв может содержать примесь н-бутанола, бутилового эфира масляной кислоты, этиленгликоля, диэтиленгликоля, нена-сыщенных и карбонильных соединений. Все эти примеси, особенно карбонильные соединения, влияют на цвет пластификатора. [c.20]\r\n\r\n    Пластификация поливинилового спирта. Для пластификации поливинилового спирта используются соединения, содержащие гидроксильные группы (глицерин, этиленгликоль и др.). Эти пластификаторы совмещаются с поливиниловым спиртом в большом количестве, если в системе присутствует вода 187]. [c.164]\r\n\r\n    В работе [300] при исследовании эффективности пластификации ПВХ диэфирными пластификаторами было установлено, что с увеличением относительного содержания алифатических групп и уменьшения расстояния между сложноэфирными группами эффективность пластификатора снижается (модуль при 100%-ной деформации возрастает). Эффективность эфиров гликолей увеличивается при переходе от этиленгликоля к бутандиолу и далее гек- [c.173]\r\n\r\n    Пропиленгликоль, как и этиленгликоль, применяется для приготовления антифризов, в качестве растворителя, пластификатора и увлажнителя. Практическая безвредность пропиленгликоля позволяет использовать его в пищевой, косметической и фармацевтической отраслях промышленности. Особенно широкое применение пропиленгликоль нашел в производстве полиэфиров. [c.8]\r\n\r\n    Этиленгликоль широко применяется в качестве пластификатора целлофана, бумаги, волокон и кожи, растворителя, высокотемпературного теплоносителя и хладоносителя в холодильных системах (в виде водных растворов), в производстве электролитических конденсаторов, как компонент электролитов, содержащих борную кислоту и ее соли, при получения гидравлических, гидротормозных, антиобледенительных и огнегасящих жидкостей, а также в ряде других областей. [c.99]\r\n\r\n\r\n    Этиленгликоль используется для синтеза различных химических продуктов. Весьма важное значение имеют сложные эфиры этиленгликоля и двухосновных кислот, который применяются как пластификаторы, а также в производстве клеев, лаков и смол. [c.99]\r\n\r\n    Основным производным окиси этилена является продукт ее гидратации — этиленгликоль, применяемый для производства антифриза, как растворитель, пластификатор, в производстве мономеров для синтетических волокон и пр. [c.5]\r\n\r\n    Как показали наши работы, введение в изучаемый раствор поливинилового спирта модифицирующей присадки высокой концентрации приводит к заметному качественному изменению внутренней структуры водного раствора поливинилового спирта. В качестве присадки был взят глицерин, являющийся одним из лучших и наиболее распространенных пластификаторов поливинилового спирта. Желатинирующие пластификаторы поливинилового спирта типа глицерина, этиленгликоля и других совместимы с поливиниловым спиртом в больших количествах — до 75% по весу (если в качестве пластификатора применен глицерин) — только в случае присутствия в системе воды. [c.181]\r\n\r\n    Этиленгликоль применяется для приготовления пластификаторов, алкидных смол, как антифриз и т. д. [c.272]\r\n\r\n    Решение. Оксид этилена — один нз важнейших полупродуктов различных синтезов получения этиленгликоля. полигликолей, лаковых растворителей, пластификаторов, этаноламинов, эмульгирующих и моющих средств соединения, синтезируемые нз оксида этилена, находят применение в производстве синтетических волокон, каучуков и других продуктов. Применяют два метода получения оксида этилена  [c.13]\r\n\r\n    Полиэфиры, образующиеся при взаимодействии пропиленгликоля и себациновой кислоты, напоминают по своим свойствам каучук и могут быть вулканизированы при помощи перекиси бензоила. Соответствующие эфиры этиленгликоля — хрупкие смолы, размягчающиеся выше 74°. Присутствие лишней метильной группы в пропиленгликоле сильно влияет на физические свойства полиэфира себациновой кислоты, например на температуру размягчения, которая лежит ниже комнатной [34]. Продукты, полученные из полиэфиров пропиленгликоля, применяют в США в качестве каучуков специального назначения. Сами по себе полиэфиры пропиленгликоля и себациновой или адипиновой кислот являются фиксированными пластификаторами. [c.371]\r\n\r\n    ГЛИКОЛИ (двухатомные спирты) — спирты жирного ряда, содержащие в молекуле две спиртовые группы — ОН. Существует правило, по которому у одного атома углерода не могут стоять две группы ОН, поэтому простейшим Г. является НО—СН2СН2—ОН — этиленгликоль, или просто гликоль. Г. обладают всеми свойствами спиртов. Характерной реакцией на Г. и другие соединения, содержащие в молекуле две группы — ОН при соседних атомах углерода, является образование темносинего внутрикомплексного соединения с гидроксидом меди. Этиленгликоль в смеси с водой применяется в качестве антифриза, как исходный продукт для получения эфиров этиленгликоля (растворители), глифталевых смол, пластификаторов, искусственных волокон и других продуктов органического синтеза. [c.77]\r\n\r\n    ДИЭТИЛЕНГЛИКОЛЬ (дигликоль) 0(СН.2СН20Н)г — маслянистая бесцветная жидкость, т. кип. 245° С смешивается с водой, спиртом, ацетоном. Д. получают при взаимодействии этиленгликоля с оксидом этилена. Д. применяют как растворитель масел, нитроцеллюлозы, смол, в качестве пластификатора, в газовой промышленности в качестве осушителя газов и др. Д. входит в состав антифризов. [c.91]\r\n\r\n    С d \" 0,8850, 1,4363 плохо раств. в воде (0,09% ), раств. в орг. р-рителях tun, 112,8 °С. Получ. вэаимод. окиси этилена с 2-этилгексанолом. Примен. р-ритель зфиров целлюлозы в синтезе пластификаторов. ЭТИЛЕНГЛИКОЛЯ МОНОЭТИЛОВЫЙ ЭФИР (этил-целлоаольв) СгНзОСгН ОН, —70 °С, f 135,6 \"С  [c.719]\r\n\r\n    В пром-сти Д получают восстановлением 4,4 -динитро-дифенилового эфира чугунной стружкой в 50%-ном водном р-ре этиленгликоля или Н2 в присут. катализатора (№-Т1), выход 87-98%. Д - исходный продукт в произ-ве азокрасителей, термостойких полимеров, пластификаторов. [c.44]\r\n\r\n    Полиамидные клеи получают на основе полиамидов. Выпускают в виде жидкостей или твердых материалов (порошки, прутки, пленки и др.). Могут содержать р-рители (спирты, вода, фенолы, 25%-ный р-р СаС1з в метаноле), пластификаторы (глицерин, касторовое масло, этерифици-рованное этиленгликолем), наполнители (порошки оксидов металлов, волокна), а также др. полимеры (канифоль, модифицир. бутанолом феноло-формальд. смолу, полиизобутилен). Твердые полиамидные клеи-типичные клеи-расплавы. Интервал т-р текучести в зависимости от типа полиамида 150-275 °С. Обладают хорошей адгезией к разл. материалам, в отвержденном состоянии-высокой эластичностью, топливо-, масло- и плесенестойкостью, устойчивостью к р-рам солей работоспособны от —60 до 60-80 °С. Применяют в машино- и приборостроении для соединения металлов между собой, а также с неметаллами, в произ-ве бумажной и картонной упаковки, изделий ширпотреба из кожи и тканей, для переплета книг, альбомов и др. полиграфич. изделий. [c.408]\r\n\r\n    С каменной скульптуры при обработке растворителями удаляют поверхностные загрязнения, различные наслоения и пятна (табл. 5). Прт послойном снятии загрязнений с каменной скульптуры применяют пленкообразуюшяе растворы полимеров в органических растворителях, преимущественно в этиловом спирте. Происходит размягчение загрязнений и сорбция их образующейся пленкой, которая легко снимается с экспонатов. Растворы в качестве антиадгезива и пластификатора полимеров содержат глицерин, этиленгликоль, полиэтиленоксиды. [c.38]\r\n\r\n    Частично омыленный ПВА, содержащий 10—20% (масс.) звеньев ВА, обычно используемый для изготовления растворимой в воде пленки, пластифицируется этиленгликолем (ЭГ), ди-этиленгликолем (ДЭГ), триэтиленгликолем (ТЭГ), полиэтилен-гликолем (ПЭГ), а также глицерином (ГЛ). Совместимость пластификаторов с сополимером ВС и ВА оценивается по температуре растворения его в многоатомных спиртах и температуре помутнения растворой. Она увеличивается с уменьшением молекулярной массы пластификатора в ряду [6, с. 106]  [c.115]\r\n\r\n    В производстве диэфирных пластификаторов (в основном для синтеза полиэфирных пластификаторов) используются гликоли этилен-, диэтилеи- и триэтиленгликоли, 1,2-пропиленгликоль, неопентилгликоль [45, 53—56]. Гликоли в промышленности получают оксиэтилированием этиленгликоля [45]. Гидратация пропи-леноксида дает 1,2-пропиленгликоль конденсация изомасляного альдегида с формальдегидом — неопентилгликоль. [c.20]\r\n\r\n    Окись этилена и окись пропилена, а также их основные производные — гликоли, эфиры гликолей, аминоспирты, неионогенные поверхностно-активные вещества, полиэфиры — являются в настоящее время крупнейшими по масгптабам производства продуктами нефтехимического синтеза. Этиленгликоль служит основой для получения низкозамерзающих жидкостей — антифризов — применяемых для охлаждения автомобильных и других двигателей, как хладо- и теплоносители, антиобледенители. Этиленгликоль широко используется и в качестве растворителя, пластификатора, увлажнителя, а также для изготовления низкозамерзающих взрывчатых веществ, гидравлических жидкостей, в электролитических конденсаторах. Особенно перспективным является его применение для производства синтетических волокон и пленок. [c.8]\r\n\r\n    Пропиленгликоль применяется в тех же областях, где и этиленгликоль, так как их свойства весьма близки. Он используется в качестве растворителя, пластификатора, как компонент для изготовления низкозамерзаюших, антиобледенительных, гидравлических и гидротормозных жидкостей, как исходное сырье для получения новых материалов, применяемых в промышленности пластических масс, лаков и красок, пестицидов и т. д. [c.204]\r\n\r\n    Дибу -иловый, диизобутиловый эфиры адипиновой кислоты широко используются для пластификации полистирола, синтетических каучуков, увеличивая водостойкость этих полимеров. Диоктиладипинат и эфиры адипиновой кислоты со спиртами С —С хорошо совмещаются с большинством полимеров и относятся к морозостойким пластификаторам- Ди-(2-этилгексил)адипинат, диизо-дециладипинат, эфиры адипиновой кислоты с многоатомными спиртами, эпоксидированными спиртами, смешанные эфиры три-этиленгликоля с адипиновой кислотой и жирными кислотами Сд— Сц используются для пластификации поливинилхлорида. [c.242]\r\n\r\n    Совместимость с указанными пластификаторами находится также в зависимости от содержания в исходном поливиниловом спирте ацетильных групп. Композиции из поливинилового спирта, свободного от ацетильных груии, могут содержать до 40% глицерина или этиленгликоля при иахождении в среде с повышенной влажностью. Композиции из технического поливинилового спирта всегда содержат значительное количество воды. [c.181]\r\n\r\n    В качестве коалесцирующих добавок широкое примеиенне получили пиколевые эфиры, например монометиловый эфир этиленгликоля (метилцеллозольв), моноэтиловый эфир этиленгликоля (этилцеллозольв), моноэтиловый эфир диэтиленгликоля (карбитол) и некоторые технические продукты, являющиеся отходами других производств Содержание коалесцирующих добавок в дисперсии составляет 2—4%, в то время как доля пластификатора может достигать 40% от массы полимера [c.220]\r\n\r\n    Гндратацией окиси этилена, или гидролизом дихлорэтана и этиленхлоргидрина, получают этиленгликоль, используемый для выпуска пластификаторов, алкидных смол, тормозных жидкостей, волокна лавсан, а также в качестве незамерзающей жидкости — антифриза. Всего известно более 140 различных применений этиленгликоля. [c.504]','http://chem21.info/info/66129/',32),(33,'Основные характеристики мешков коробчатых:\r\n\r\n1. Форма, конструкция и внешний вид\r\n\r\nПрямоугольное дно придает мешку форму кирпича (коробкообразная форма), что делает мешок коробчатый пригодным и удобным как для ручного, так и автоматичекого заполнения. Прямоугольное дно лучше сохраняет форму при хранении, чем стандартный сшивной мешок в форме подушки. Идеальная многоцветная печать, возможная благодаря ламинированной поверхности, придает коробчатым мешкам прекрасный внешний вид.\r\n\r\n2. Влагоустойчивость и воздухопроницаемость\r\n\r\nМешки коробчатые производятся из водостойкого полипропилена и, в отличие от бумажных, устойчивы к воздействию воды и влаги, сохраняют свою прочность в любых условиях. Однако это не означает, что мешки коробчатые всегда полностью герметичны. В некоторых случаях применяются мешки с микроотверстиями (перфорацией), обеспечивающими необходимую воздухопроницаемость, что необходимо для некоторых видов товаров, таких как цемент и пищевые продукты. Без перфорации мешки коробчатые могут быть почти герметичными.\r\n\r\n3. Использование и транспортировка\r\n\r\nМешки коробчатые используются для: удобрений, извести, цемента, кормов для животных, муки, сахара, риса и т.д. Они пригодны для всех ручных и автоматических линий расфасовки и упаковки. При необходимости, характеристики мешка могут корректироваться в соответствии с Вашими требованиями. Кроме того, клапан может производиться для автоматического закрытия мешка после заполнения продуктом. Обладая особой формой, коробчатые мешки идеально подходят для оборудования укладки и любых видов погрузчиков. Прямоугольные заполненные мешки требуют минимума места для хранения, а их высокая прочность позволяет укладывать мешки почти до потолка. Форма мешка идеально подходит для укладки на паллеты. Высокая прочность коробчатых мешков позволяет складировать до 5 паллет друг на друге, что значительно экономит место складского помещения. Грубое обращение, высокая влажность или дождь, приводящие к порче продукции в мешках другого типа, не страшны коробчатым мешкам. Высокая прочность и водонепроницаемость минимизируют число испорченных мешков. Коробчатые мешки выдерживают даже жесткие условия обращения, практически не рвутся при заполнении, автоматической подаче, погрузке и транспортировке.\r\n\r\n4. Экономичность и экологичность\r\n\r\nЦена на коробчатые мешки конкурентоспособна в сравнении с ценой на бумажные, полиэтиленовые и обычные полипропиленовые мешки, благодаря следующим особым качествам: прочность полипропиленовой тканой структуры обеспечивает легкий вес мешка; крепление клапана и дна осуществляется на основе запатентованного процесса, без использования клея; низкие производственные затраты обеспечиваются специализированным оборудованием. После использования продукта коробчатые мешки могут повторно использоваться для различных целей: в качестве вторичного сырья, для кровли, в некоторых Европейских странах отходы пластика используют как вторичное топливо. Мешки также подлежат переработке в новые продукты. Коробчатые мешки изготовлены из полипропилена, который разлагается под длительным воздействием ультрафиолетовых лучей. Полипропилен не токсичен: он не вреден для почвы и воды при контакте с ними во время или после использования.\r\n\r\nИспользование коробчатых мешков позволяет предприятиям цементной промышленности экономить средства за счет сокращения числа мешков при их заполнении и обращении: вероятность разрыва коробчатого мешка близка к нулю, поэтому нет необходимости повторно производить потерянные товары и заменять испорченные мешки. Это не только важный фактор экономии: процент брака означает не только уменьшение производительности на этот процент, но и важный фактор защиты окружающей среды.\r\n\r\nПреимущества коробчатых мешков:\r\n\r\nпроизведены из ламинированного тканого полотна;\r\nимеют форму \"кирпича\";\r\nмогут быть с самозакрывающимся клапаном или с открытой горловиной;\r\nочень прочные;\r\nводонепроницаемые;\r\nвоздухопроницаемые;\r\nподходят для всех форм ручного и автоматического наполнения/подачи/погрузки;\r\nидеально складываются на паллеты.\r\nОбласть применения коробчатых мешков\r\n\r\nКонцепция нового полипропиленового мешка коробчатого типа была хорошо воспринята конечными потребителями, широко использующими тканые мешки из полипропилена для разнообразных сыпучих веществ, таких как:\r\n\r\nстроительные материалы: цемент, сухие строительные смеси;\r\nминералы: гипс, известь, мраморная крошка, карбонат кальция, соль, песок и др.;\r\nхимические и нефтехимические продукты: удобрения, полимер гранулированный, сода, ПВХ и другие;\r\nпищевые продукты (для таких товаров горловина выполняется обычно открытой, без клапана): мука, кукуруза, крупа, сахар, соль, зерно, комбикорма и т.д.\r\nКоробчатые мешки широко используют в разных странах: например, в Египте - в качестве тары для упаковки муки, в Венгрии – для сахара. В США коробчатые мешки занимают прочные позиции в сегменте упаковки кормов для домашних животных: при этом между полотном мешка и слоем ламинации кладут яркую красочную пленку, в результате получается прочный мешок с дополнительной рекламой, повышающей эффективность его использования.','http://www.russian-plastic.ru/katalog/meshki-polipropilenovye/meshki-korobchatye.html',33),(34,'Диэтаноламин — органическое соединение, представитель класса аминоспиртов, густая маслянистая жидкость, смешивается с водой во всех отношениях, обладает сильными основными свойствами.\r\nПолучение.Диэтаноламин получают действием аммиака на этиленхлоргидрин (2-хлорэтанол).\r\nВ промышленности синтез диэтаноламина проводится присоединением аммиака к этиленоксиду:\r\n\r\nНаряду с диэтаноламином получаются также этаноламин и триэтаноламин.','https://ru.wikipedia.org/wiki/%D0%94%D0%B8%D1%8D%D1%82%D0%B0%D0%BD%D0%BE%D0%BB%D0%B0%D0%BC%D0%B8%D0%BD',34),(35,'Применение\r\nПрименяются в технике в качестве эмульгатора и поверхностно-активного вещества, а также в различных процессах газоочистки, в том числе для извлечения углекислого газа из топочных газов при производстве сухого льда, также применяется в процессе обработки древесины, при производстве иминов. Является исходным веществом в промышленном синтезе лекарственного средства таурина.\r\n\r\nДиэтаноламин способен вызвать раздражение слизистых оболочек, токсичен для сердечно-сосудистой системы, почек, желудочно-кишечного тракта.','https://ru.wikipedia.org/wiki/%D0%94%D0%B8%D1%8D%D1%82%D0%B0%D0%BD%D0%BE%D0%BB%D0%B0%D0%BC%D0%B8%D0%BD',35),(36,'Диэтаноламин\r\n\r\nОбщие\r\nСистематическое\r\nнаименование	\r\nДиэтаноламин\r\nСокращения	ДЭА\r\nХим. формула	(HOCH2CH2)2NH\r\nФизические свойства\r\nМолярная масса	105,14 г/моль\r\nПлотность	1,0966 г/см³\r\nДинамическая вязкость	0,580 Па·с\r\nТермические свойства\r\nТ. плав.	27 °C\r\nТ. кип.	280 °C\r\nТ. всп.	148,9 °C\r\nХимические свойства\r\nРастворимость в воде	неограниченно\r\nРастворимость в гептан	0,1 г/100 мл\r\nОптические свойства\r\nПоказатель преломления	1,4776\r\nКлассификация\r\nРег. номер CAS	111-42-2\r\nPubChem	8113\r\nРег. номер EINECS	203-868-0\r\nSMILES	\r\n\r\nInChI	\r\n\r\nRTECS	KL2975000\r\nChemSpider	13835604','https://ru.wikipedia.org/wiki/%D0%94%D0%B8%D1%8D%D1%82%D0%B0%D0%BD%D0%BE%D0%BB%D0%B0%D0%BC%D0%B8%D0%BD',36);
/*!40000 ALTER TABLE `Article` ENABLE KEYS */;
UNLOCK TABLES;

--
-- Table structure for table `Customer`
--

DROP TABLE IF EXISTS `Customer`;
/*!40101 SET @saved_cs_client     = @@character_set_client */;
/*!40101 SET character_set_client = utf8 */;
CREATE TABLE `Customer` (
  `id` int(11) NOT NULL AUTO_INCREMENT,
  `Type` varchar(200) COLLATE utf8_unicode_ci DEFAULT NULL,
  PRIMARY KEY (`id`)
) ENGINE=InnoDB AUTO_INCREMENT=3 DEFAULT CHARSET=utf8 COLLATE=utf8_unicode_ci;
/*!40101 SET character_set_client = @saved_cs_client */;

--
-- Dumping data for table `Customer`
--

LOCK TABLES `Customer` WRITE;
/*!40000 ALTER TABLE `Customer` DISABLE KEYS */;
INSERT INTO `Customer` VALUES (1,'Person'),(2,'Organization');
/*!40000 ALTER TABLE `Customer` ENABLE KEYS */;
UNLOCK TABLES;

--
-- Table structure for table `CustomerGetInTouch`
--

DROP TABLE IF EXISTS `CustomerGetInTouch`;
/*!40101 SET @saved_cs_client     = @@character_set_client */;
/*!40101 SET character_set_client = utf8 */;
CREATE TABLE `CustomerGetInTouch` (
  `id` int(11) NOT NULL AUTO_INCREMENT,
  `Name` varchar(200) COLLATE utf8_unicode_ci DEFAULT NULL,
  `Customer_id` int(11) DEFAULT NULL,
  `GetInTouch_id` int(11) DEFAULT NULL,
  PRIMARY KEY (`id`),
  KEY `CustomerGetInTouch_Customer_id_681aa6ef_fk_Customer_id` (`Customer_id`),
  KEY `CustomerGetInTouch_GetInTouch_id_ae3d182f_fk_GetInTouch_id` (`GetInTouch_id`),
  CONSTRAINT `CustomerGetInTouch_Customer_id_681aa6ef_fk_Customer_id` FOREIGN KEY (`Customer_id`) REFERENCES `Customer` (`id`),
  CONSTRAINT `CustomerGetInTouch_GetInTouch_id_ae3d182f_fk_GetInTouch_id` FOREIGN KEY (`GetInTouch_id`) REFERENCES `GetInTouch` (`id`)
) ENGINE=InnoDB AUTO_INCREMENT=9 DEFAULT CHARSET=utf8 COLLATE=utf8_unicode_ci;
/*!40101 SET character_set_client = @saved_cs_client */;

--
-- Dumping data for table `CustomerGetInTouch`
--

LOCK TABLES `CustomerGetInTouch` WRITE;
/*!40000 ALTER TABLE `CustomerGetInTouch` DISABLE KEYS */;
INSERT INTO `CustomerGetInTouch` VALUES (4,'Максим',1,1),(5,'Эльвира',1,5),(6,'ООО Хевел',2,9),(8,'АМИЛКО',2,13);
/*!40000 ALTER TABLE `CustomerGetInTouch` ENABLE KEYS */;
UNLOCK TABLES;

--
-- Table structure for table `CustomerOrder`
--

DROP TABLE IF EXISTS `CustomerOrder`;
/*!40101 SET @saved_cs_client     = @@character_set_client */;
/*!40101 SET character_set_client = utf8 */;
CREATE TABLE `CustomerOrder` (
  `id` int(11) NOT NULL AUTO_INCREMENT,
  `Name` varchar(200) COLLATE utf8_unicode_ci DEFAULT NULL,
  `Customer_id` int(11) NOT NULL,
  `Order_id` int(11) NOT NULL,
  PRIMARY KEY (`id`),
  KEY `CustomerName_Customer_id_9471d493_fk_Customer_id` (`Customer_id`),
  KEY `CustomerName_Order_id_8a3e0d9d_fk_Order_id` (`Order_id`),
  CONSTRAINT `CustomerName_Customer_id_9471d493_fk_Customer_id` FOREIGN KEY (`Customer_id`) REFERENCES `Customer` (`id`),
  CONSTRAINT `CustomerName_Order_id_8a3e0d9d_fk_Order_id` FOREIGN KEY (`Order_id`) REFERENCES `Order` (`id`)
) ENGINE=InnoDB AUTO_INCREMENT=4 DEFAULT CHARSET=utf8 COLLATE=utf8_unicode_ci;
/*!40101 SET character_set_client = @saved_cs_client */;

--
-- Dumping data for table `CustomerOrder`
--

LOCK TABLES `CustomerOrder` WRITE;
/*!40000 ALTER TABLE `CustomerOrder` DISABLE KEYS */;
/*!40000 ALTER TABLE `CustomerOrder` ENABLE KEYS */;
UNLOCK TABLES;

--
-- Table structure for table `CustomerTransportOrder`
--

DROP TABLE IF EXISTS `CustomerTransportOrder`;
/*!40101 SET @saved_cs_client     = @@character_set_client */;
/*!40101 SET character_set_client = utf8 */;
CREATE TABLE `CustomerTransportOrder` (
  `id` int(11) NOT NULL AUTO_INCREMENT,
  `Name` varchar(200) COLLATE utf8_unicode_ci DEFAULT NULL,
  `Customer_id` int(11) DEFAULT NULL,
  `TransportOrder_id` int(11) DEFAULT NULL,
  PRIMARY KEY (`id`),
  KEY `CustomerTransportOrder_Customer_id_d497f852_fk_Customer_id` (`Customer_id`),
  KEY `CustomerTransportOrder_efa160d0` (`TransportOrder_id`),
  CONSTRAINT `CustomerTranspor_TransportOrder_id_3fbe3b56_fk_TransportOrder_id` FOREIGN KEY (`TransportOrder_id`) REFERENCES `TransportOrder` (`id`),
  CONSTRAINT `CustomerTransportOrder_Customer_id_d497f852_fk_Customer_id` FOREIGN KEY (`Customer_id`) REFERENCES `Customer` (`id`)
) ENGINE=InnoDB AUTO_INCREMENT=6 DEFAULT CHARSET=utf8 COLLATE=utf8_unicode_ci;
/*!40101 SET character_set_client = @saved_cs_client */;

--
-- Dumping data for table `CustomerTransportOrder`
--

LOCK TABLES `CustomerTransportOrder` WRITE;
/*!40000 ALTER TABLE `CustomerTransportOrder` DISABLE KEYS */;
/*!40000 ALTER TABLE `CustomerTransportOrder` ENABLE KEYS */;
UNLOCK TABLES;

--
-- Table structure for table `GetInTouch`
--

DROP TABLE IF EXISTS `GetInTouch`;
/*!40101 SET @saved_cs_client     = @@character_set_client */;
/*!40101 SET character_set_client = utf8 */;
CREATE TABLE `GetInTouch` (
  `id` int(11) NOT NULL AUTO_INCREMENT,
  `Name` varchar(200) COLLATE utf8_unicode_ci DEFAULT NULL,
  `TelNo` bigint(20) DEFAULT NULL,
  `Email` varchar(200) COLLATE utf8_unicode_ci DEFAULT NULL,
  `Text` longtext COLLATE utf8_unicode_ci,
  `DateTime` datetime DEFAULT NULL,
  `Customer_id` int(11) DEFAULT NULL,
  `DeliveryDate` datetime DEFAULT NULL,
  `Quantity` int(11) DEFAULT NULL,
  `Unit_id` int(11) DEFAULT NULL,
  PRIMARY KEY (`id`),
  KEY `GetInTouch_6d51f4ab` (`Customer_id`),
  KEY `GetInTouch_44c1fdc4` (`Unit_id`),
  CONSTRAINT `GetInTouch_Customer_id_c96de57d_fk_Customer_id` FOREIGN KEY (`Customer_id`) REFERENCES `Customer` (`id`),
  CONSTRAINT `GetInTouch_Unit_id_483f2828_fk_Unit_id` FOREIGN KEY (`Unit_id`) REFERENCES `Unit` (`id`)
) ENGINE=InnoDB AUTO_INCREMENT=15 DEFAULT CHARSET=utf8 COLLATE=utf8_unicode_ci;
/*!40101 SET character_set_client = @saved_cs_client */;

--
-- Dumping data for table `GetInTouch`
--

LOCK TABLES `GetInTouch` WRITE;
/*!40000 ALTER TABLE `GetInTouch` DISABLE KEYS */;
INSERT INTO `GetInTouch` VALUES (1,'Максим',9876603669,'9790195@bk.ru','Добрый день, планируем закупку Неонол 9-10, 9-12. Объем закупки одна авто цистерна 20 т. Прошу дать Ваше предложение как по доставке продукции в Москву Вашей автоцистерной так и на условиях самовывоза с завода.','2016-08-30 11:42:00',1,'2016-09-24 21:00:00',20000,23),(5,'Эльвира',3439858267,'elvira.nabeeva@rusal.com','Добрый день, прошу рассмотреть возможность поставки в адрес нашего предприятия  евро-кубов в количестве 65 шт.','2016-08-30 09:20:46',1,'2016-09-25 21:00:00',65,41),(6,'Майя',9030432986,'vvhk@yandex.ru','Наша компания предлагает этиленгликоль по цене 70 руб/кг с НДС(пр-во Казаньоргсинтез)','2016-09-02 10:54:46',NULL,NULL,NULL,NULL),(9,'Елена Хевел',9876603669,'e.stepanova@hevelsolar.com','Добрый день!\r\n\r\nПрошу уточнить по цене и срока поставки:\r\nкислота оксиэтилдифосфоновой \r\nОЭДФК чистотой не менее 98% 	1 кг\r\n\r\nСпасибо!\r\n\r\nС уважением,\r\nЕлена Степанова\r\nМенеджер по закупкам\r\nООО «Хевел»/ Hevel LLC\r\n \r\nРоссия, Чувашская Республика, \r\nг. Новочебоксарск, Шоршельский проезд, владение 12\r\nТел.: + 7 8352 765000 (доб. 499)\r\nМоб.: +7 987 660 36 69\r\ne-mail: E.Stepanova@hevelsolar.com','2016-09-13 09:53:13',2,'2016-09-21 21:00:00',1,23),(13,'Ольга',9034895151,'bo@amylco.ru','Добрый день. Представляю компанию АМИЛКО - крахмалопаточный комбинат( Ростовская область , г. Миллерово).Нужен полипропиленовый мешок с коробчатым дном с внешним клапаном. Размер 61*55*15 длина клапана 17см. Ежемесячный объем 30000тыс штук. Заранее благодарю.','2016-10-04 08:05:21',2,'2016-10-03 21:00:00',30000,61);
/*!40000 ALTER TABLE `GetInTouch` ENABLE KEYS */;
UNLOCK TABLES;

--
-- Table structure for table `KeyWord`
--

DROP TABLE IF EXISTS `KeyWord`;
/*!40101 SET @saved_cs_client     = @@character_set_client */;
/*!40101 SET character_set_client = utf8 */;
CREATE TABLE `KeyWord` (
  `id` int(11) NOT NULL AUTO_INCREMENT,
  `Name` varchar(200) COLLATE utf8_unicode_ci DEFAULT NULL,
  `Unit_id` int(11),
  PRIMARY KEY (`id`),
  KEY `KeyWord_44c1fdc4` (`Unit_id`),
  CONSTRAINT `KeyWord_Unit_id_51407983_fk_Unit_id` FOREIGN KEY (`Unit_id`) REFERENCES `Unit` (`id`)
) ENGINE=InnoDB AUTO_INCREMENT=37 DEFAULT CHARSET=utf8 COLLATE=utf8_unicode_ci;
/*!40101 SET character_set_client = @saved_cs_client */;

--
-- Dumping data for table `KeyWord`
--

LOCK TABLES `KeyWord` WRITE;
/*!40000 ALTER TABLE `KeyWord` DISABLE KEYS */;
INSERT INTO `KeyWord` VALUES (1,'Бензол-толуольная фракция',14),(2,'Бентол технические характеристики',14),(3,'Фракция бензол-толуольная',14),(4,'Бентол описание продукта',14),(5,'Оборудование по разделению бентола',14),(6,'Нефтерастворимый деэмульгатор ARBREAK',15),(7,'arbreak гигиенические характеристики',15),(8,'Перевозка сжиженных газов',42),(9,'Нить полипропиленовая мультифиламентная',58),(10,'Нить полипропиленовая пленочная фибриллированная',58),(11,'такелажные работы',45),(12,'стоимость погрузочно разгрузочных работ',45),(13,'ГОСТ Работы погрузочно-разгрузочные',45),(14,'расценки на погрузочно разгрузочные работы',45),(15,'погрузочно разгрузочные работы цена',45),(16,'такелаж',45),(17,'тарифы на погрузочно разгрузочные работы',45),(18,'такелажные услуги',45),(19,'техника безопасности при погрузочно разгрузочных работах',45),(20,'грузчики',45),(21,'организация погрузочно разгрузочных работ на складе',45),(22,'средство для подъема груза',45),(23,'складские работы',45),(24,'вынос мусора',45),(25,'Евроксид СРО (Cocamidopropyl Aminoxide)',26),(26,'Пенообразователь',26),(27,'бензолсульфокислоты',31),(28,'абск',31),(29,'состав моющего средства фейри',31),(30,'Бутилгликоль',1),(31,'Нетканые текстильные материалы',63),(32,'Этиленгликоль как пластификатор',9),(33,'Мешки коробчатые',62),(34,'диэтаноламин получение',4),(35,'диэтаноламин применение',4),(36,'диэтаноламин характеристики',4);
/*!40000 ALTER TABLE `KeyWord` ENABLE KEYS */;
UNLOCK TABLES;

--
-- Table structure for table `Order`
--

DROP TABLE IF EXISTS `Order`;
/*!40101 SET @saved_cs_client     = @@character_set_client */;
/*!40101 SET character_set_client = utf8 */;
CREATE TABLE `Order` (
  `id` int(11) NOT NULL AUTO_INCREMENT,
  `Name` varchar(200) COLLATE utf8_unicode_ci DEFAULT NULL,
  `watsup` tinyint(1) DEFAULT NULL,
  `DateTime` datetime DEFAULT NULL,
  `Unit_id` int(11) NOT NULL,
  `TelNo` bigint(20) DEFAULT NULL,
  `email` varchar(200) COLLATE utf8_unicode_ci DEFAULT NULL,
  `Customer_id` int(11) DEFAULT NULL,
  `Text` longtext COLLATE utf8_unicode_ci,
  `DeliveryDate` datetime DEFAULT NULL,
  `Quantity` int(11) DEFAULT NULL,
  PRIMARY KEY (`id`),
  KEY `Order_Unit_id_d7dbd70a_fk_Unit_id` (`Unit_id`),
  KEY `Order_6d51f4ab` (`Customer_id`),
  CONSTRAINT `Order_Customer_id_2e39c733_fk_Customer_id` FOREIGN KEY (`Customer_id`) REFERENCES `Customer` (`id`),
  CONSTRAINT `Order_Unit_id_d7dbd70a_fk_Unit_id` FOREIGN KEY (`Unit_id`) REFERENCES `Unit` (`id`)
) ENGINE=InnoDB AUTO_INCREMENT=6 DEFAULT CHARSET=utf8 COLLATE=utf8_unicode_ci;
/*!40101 SET character_set_client = @saved_cs_client */;

--
-- Dumping data for table `Order`
--

LOCK TABLES `Order` WRITE;
/*!40000 ALTER TABLE `Order` DISABLE KEYS */;
/*!40000 ALTER TABLE `Order` ENABLE KEYS */;
UNLOCK TABLES;

--
-- Table structure for table `OrderModerated`
--

DROP TABLE IF EXISTS `OrderModerated`;
/*!40101 SET @saved_cs_client     = @@character_set_client */;
/*!40101 SET character_set_client = utf8 */;
CREATE TABLE `OrderModerated` (
  `id` int(11) NOT NULL AUTO_INCREMENT,
  `Text` longtext COLLATE utf8_unicode_ci,
  `DateTime` datetime DEFAULT NULL,
  `From` varchar(200) COLLATE utf8_unicode_ci DEFAULT NULL,
  `To` varchar(200) COLLATE utf8_unicode_ci DEFAULT NULL,
  PRIMARY KEY (`id`)
) ENGINE=InnoDB AUTO_INCREMENT=16 DEFAULT CHARSET=utf8 COLLATE=utf8_unicode_ci;
/*!40101 SET character_set_client = @saved_cs_client */;

--
-- Dumping data for table `OrderModerated`
--

LOCK TABLES `OrderModerated` WRITE;
/*!40000 ALTER TABLE `OrderModerated` DISABLE KEYS */;
INSERT INTO `OrderModerated` VALUES (11,'Добрый день, планируем закупку Неонол 9-10, 9-12. Объем закупки одна авто цистерна 20 т. Прошу дать Ваше предложение как по доставке продукции в Москву Вашей автоцистерной так и на условиях самовывоза с завода.','2016-09-25 10:00:24',NULL,NULL),(12,'Добрый день, прошу рассмотреть возможность поставки в адрес нашего предприятия  евро-кубов в количестве 65 шт.','2016-09-25 14:27:01',NULL,NULL),(13,'Добрый день!\n\nПрошу уточнить по цене и срока поставки:\nкислота оксиэтилдифосфоновой \nОЭДФК чистотой не менее 98% 	1 кг\n\nСпасибо!\n\nС уважением,\nЕлена Степанова\nМенеджер по закупкам\nООО «Хевел»/ Hevel LLC\n \nРоссия, Чувашская Республика, \nг. Новочебоксарск, Шоршельский проезд, владение 12\nТел.: + 7 8352 765000 (доб. 499)\nМоб.: +7 987 660 36 69\ne-mail: E.Stepanova@hevelsolar.com','2016-09-25 14:29:40',NULL,NULL),(15,'Добрый день. Представляю компанию АМИЛКО - крахмалопаточный комбинат( Ростовская область , г. Миллерово).Нужен полипропиленовый мешок с коробчатым дном с внешним клапаном. Размер 61*55*15 длина клапана 17см. Ежемесячный объем 30000тыс штук. Заранее благодарю.','2016-10-04 19:05:21',NULL,NULL);
/*!40000 ALTER TABLE `OrderModerated` ENABLE KEYS */;
UNLOCK TABLES;

--
-- Table structure for table `OrderModeratedGetInTouch`
--

DROP TABLE IF EXISTS `OrderModeratedGetInTouch`;
/*!40101 SET @saved_cs_client     = @@character_set_client */;
/*!40101 SET character_set_client = utf8 */;
CREATE TABLE `OrderModeratedGetInTouch` (
  `id` int(11) NOT NULL AUTO_INCREMENT,
  `GetInTouch_id` int(11) NOT NULL,
  `OrderModerated_id` int(11) NOT NULL,
  PRIMARY KEY (`id`),
  KEY `OrderModeratedGetInTouch_GetInTouch_id_87a8e71c_fk_GetInTouch_id` (`GetInTouch_id`),
  KEY `OrderModeratedGe_OrderModerated_id_01f92f44_fk_OrderModerated_id` (`OrderModerated_id`),
  CONSTRAINT `OrderModeratedGe_OrderModerated_id_01f92f44_fk_OrderModerated_id` FOREIGN KEY (`OrderModerated_id`) REFERENCES `OrderModerated` (`id`),
  CONSTRAINT `OrderModeratedGetInTouch_GetInTouch_id_87a8e71c_fk_GetInTouch_id` FOREIGN KEY (`GetInTouch_id`) REFERENCES `GetInTouch` (`id`)
) ENGINE=InnoDB AUTO_INCREMENT=8 DEFAULT CHARSET=utf8 COLLATE=utf8_unicode_ci;
/*!40101 SET character_set_client = @saved_cs_client */;

--
-- Dumping data for table `OrderModeratedGetInTouch`
--

LOCK TABLES `OrderModeratedGetInTouch` WRITE;
/*!40000 ALTER TABLE `OrderModeratedGetInTouch` DISABLE KEYS */;
INSERT INTO `OrderModeratedGetInTouch` VALUES (3,1,11),(4,5,12),(5,9,13),(7,13,15);
/*!40000 ALTER TABLE `OrderModeratedGetInTouch` ENABLE KEYS */;
UNLOCK TABLES;

--
-- Table structure for table `OrderModeratedOrder`
--

DROP TABLE IF EXISTS `OrderModeratedOrder`;
/*!40101 SET @saved_cs_client     = @@character_set_client */;
/*!40101 SET character_set_client = utf8 */;
CREATE TABLE `OrderModeratedOrder` (
  `id` int(11) NOT NULL AUTO_INCREMENT,
  `Order_id` int(11) NOT NULL,
  `OrderModerated_id` int(11) NOT NULL,
  PRIMARY KEY (`id`),
  KEY `OrderModeratedOrder_Order_id_a6e233c0_fk_Order_id` (`Order_id`),
  KEY `OrderModeratedOr_OrderModerated_id_c73d3f6b_fk_OrderModerated_id` (`OrderModerated_id`),
  CONSTRAINT `OrderModeratedOr_OrderModerated_id_c73d3f6b_fk_OrderModerated_id` FOREIGN KEY (`OrderModerated_id`) REFERENCES `OrderModerated` (`id`),
  CONSTRAINT `OrderModeratedOrder_Order_id_a6e233c0_fk_Order_id` FOREIGN KEY (`Order_id`) REFERENCES `Order` (`id`)
) ENGINE=InnoDB AUTO_INCREMENT=4 DEFAULT CHARSET=utf8 COLLATE=utf8_unicode_ci;
/*!40101 SET character_set_client = @saved_cs_client */;

--
-- Dumping data for table `OrderModeratedOrder`
--

LOCK TABLES `OrderModeratedOrder` WRITE;
/*!40000 ALTER TABLE `OrderModeratedOrder` DISABLE KEYS */;
/*!40000 ALTER TABLE `OrderModeratedOrder` ENABLE KEYS */;
UNLOCK TABLES;

--
-- Table structure for table `OrderModeratedParagraph`
--

DROP TABLE IF EXISTS `OrderModeratedParagraph`;
/*!40101 SET @saved_cs_client     = @@character_set_client */;
/*!40101 SET character_set_client = utf8 */;
CREATE TABLE `OrderModeratedParagraph` (
  `id` int(11) NOT NULL AUTO_INCREMENT,
  `OrderModerated_id` int(11) NOT NULL,
  `Paragraph_id` int(11) NOT NULL,
  PRIMARY KEY (`id`),
  KEY `OrderModeratedPa_OrderModerated_id_1db532e8_fk_OrderModerated_id` (`OrderModerated_id`),
  KEY `OrderModeratedParagraph_Paragraph_id_a4a3f2d1_fk_Paragraph_id` (`Paragraph_id`),
  CONSTRAINT `OrderModeratedPa_OrderModerated_id_1db532e8_fk_OrderModerated_id` FOREIGN KEY (`OrderModerated_id`) REFERENCES `OrderModerated` (`id`),
  CONSTRAINT `OrderModeratedParagraph_Paragraph_id_a4a3f2d1_fk_Paragraph_id` FOREIGN KEY (`Paragraph_id`) REFERENCES `Paragraph` (`id`)
) ENGINE=InnoDB DEFAULT CHARSET=utf8 COLLATE=utf8_unicode_ci;
/*!40101 SET character_set_client = @saved_cs_client */;

--
-- Dumping data for table `OrderModeratedParagraph`
--

LOCK TABLES `OrderModeratedParagraph` WRITE;
/*!40000 ALTER TABLE `OrderModeratedParagraph` DISABLE KEYS */;
/*!40000 ALTER TABLE `OrderModeratedParagraph` ENABLE KEYS */;
UNLOCK TABLES;

--
-- Table structure for table `OrderModeratedTransportOrder`
--

DROP TABLE IF EXISTS `OrderModeratedTransportOrder`;
/*!40101 SET @saved_cs_client     = @@character_set_client */;
/*!40101 SET character_set_client = utf8 */;
CREATE TABLE `OrderModeratedTransportOrder` (
  `id` int(11) NOT NULL AUTO_INCREMENT,
  `OrderModerated_id` int(11) NOT NULL,
  `TransportOrder_id` int(11) NOT NULL,
  PRIMARY KEY (`id`),
  KEY `OrderModeratedTr_OrderModerated_id_ebf240cb_fk_OrderModerated_id` (`OrderModerated_id`),
  KEY `OrderModeratedTr_TransportOrder_id_89e863ee_fk_TransportOrder_id` (`TransportOrder_id`),
  CONSTRAINT `OrderModeratedTr_OrderModerated_id_ebf240cb_fk_OrderModerated_id` FOREIGN KEY (`OrderModerated_id`) REFERENCES `OrderModerated` (`id`),
  CONSTRAINT `OrderModeratedTr_TransportOrder_id_89e863ee_fk_TransportOrder_id` FOREIGN KEY (`TransportOrder_id`) REFERENCES `TransportOrder` (`id`)
) ENGINE=InnoDB AUTO_INCREMENT=3 DEFAULT CHARSET=utf8 COLLATE=utf8_unicode_ci;
/*!40101 SET character_set_client = @saved_cs_client */;

--
-- Dumping data for table `OrderModeratedTransportOrder`
--

LOCK TABLES `OrderModeratedTransportOrder` WRITE;
/*!40000 ALTER TABLE `OrderModeratedTransportOrder` DISABLE KEYS */;
/*!40000 ALTER TABLE `OrderModeratedTransportOrder` ENABLE KEYS */;
UNLOCK TABLES;

--
-- Table structure for table `OrderModeratedUnit`
--

DROP TABLE IF EXISTS `OrderModeratedUnit`;
/*!40101 SET @saved_cs_client     = @@character_set_client */;
/*!40101 SET character_set_client = utf8 */;
CREATE TABLE `OrderModeratedUnit` (
  `id` int(11) NOT NULL AUTO_INCREMENT,
  `OrderModerated_id` int(11) NOT NULL,
  `Unit_id` int(11) NOT NULL,
  PRIMARY KEY (`id`),
  KEY `OrderModeratedUn_OrderModerated_id_40e8a218_fk_OrderModerated_id` (`OrderModerated_id`),
  KEY `OrderModeratedUnit_Unit_id_dd864022_fk_Unit_id` (`Unit_id`),
  CONSTRAINT `OrderModeratedUn_OrderModerated_id_40e8a218_fk_OrderModerated_id` FOREIGN KEY (`OrderModerated_id`) REFERENCES `OrderModerated` (`id`),
  CONSTRAINT `OrderModeratedUnit_Unit_id_dd864022_fk_Unit_id` FOREIGN KEY (`Unit_id`) REFERENCES `Unit` (`id`)
) ENGINE=InnoDB DEFAULT CHARSET=utf8 COLLATE=utf8_unicode_ci;
/*!40101 SET character_set_client = @saved_cs_client */;

--
-- Dumping data for table `OrderModeratedUnit`
--

LOCK TABLES `OrderModeratedUnit` WRITE;
/*!40000 ALTER TABLE `OrderModeratedUnit` DISABLE KEYS */;
/*!40000 ALTER TABLE `OrderModeratedUnit` ENABLE KEYS */;
UNLOCK TABLES;

--
-- Table structure for table `Paragraph`
--

DROP TABLE IF EXISTS `Paragraph`;
/*!40101 SET @saved_cs_client     = @@character_set_client */;
/*!40101 SET character_set_client = utf8 */;
CREATE TABLE `Paragraph` (
  `id` int(11) NOT NULL AUTO_INCREMENT,
  `Name` varchar(200) COLLATE utf8_unicode_ci DEFAULT NULL,
  `Image` varchar(100) COLLATE utf8_unicode_ci DEFAULT NULL,
  `Large` tinyint(1) DEFAULT NULL,
  `No` int(11) DEFAULT NULL,
  `AlignLeft` tinyint(1) DEFAULT NULL,
  `AlphabetOrder` tinyint(1) DEFAULT NULL,
  `TransportFlag` tinyint(1) DEFAULT NULL,
  PRIMARY KEY (`id`)
) ENGINE=InnoDB AUTO_INCREMENT=9 DEFAULT CHARSET=utf8 COLLATE=utf8_unicode_ci;
/*!40101 SET character_set_client = @saved_cs_client */;

--
-- Dumping data for table `Paragraph`
--

LOCK TABLES `Paragraph` WRITE;
/*!40000 ALTER TABLE `Paragraph` DISABLE KEYS */;
INSERT INTO `Paragraph` VALUES (1,'химическое сырье','./him_veshestva-1024x681.jpg',1,1,1,1,NULL),(2,'бочки, кубовые ёмкости','./tr-3wFMXe7w.jpg',1,4,0,NULL,NULL),(3,'продукция для разметки дорог','./autodor_emal_d3H8t2a.jpg',0,3,1,NULL,NULL),(4,'автошампунь (пена)','./autoshampoo_a04O8mp.jpg',0,2,0,NULL,NULL),(5,'теплоноситель, антифриз, тосол','./antifreeze_8bDaKrm.jpg',0,6,0,NULL,NULL),(6,'перевозка грузов (транспортировка)','./04.jpg',1,5,1,NULL,1),(7,'собственная спецтехника','./zakaz-manipulator.jpg',1,8,0,NULL,NULL),(8,'изделия из полипропилена','./polipropilen.jpg',0,7,1,NULL,NULL);
/*!40000 ALTER TABLE `Paragraph` ENABLE KEYS */;
UNLOCK TABLES;

--
-- Table structure for table `TransportOrder`
--

DROP TABLE IF EXISTS `TransportOrder`;
/*!40101 SET @saved_cs_client     = @@character_set_client */;
/*!40101 SET character_set_client = utf8 */;
CREATE TABLE `TransportOrder` (
  `id` int(11) NOT NULL AUTO_INCREMENT,
  `Name` varchar(200) COLLATE utf8_unicode_ci DEFAULT NULL,
  `TelNo` bigint(20) DEFAULT NULL,
  `From` varchar(200) COLLATE utf8_unicode_ci DEFAULT NULL,
  `To` varchar(200) COLLATE utf8_unicode_ci DEFAULT NULL,
  `watsup` tinyint(1) DEFAULT NULL,
  `email` varchar(200) COLLATE utf8_unicode_ci DEFAULT NULL,
  `DateTime` datetime DEFAULT NULL,
  `Unit_id` int(11) NOT NULL,
  `Volume` int(11) DEFAULT NULL,
  `Customer_id` int(11) DEFAULT NULL,
  `DeliveryDate` datetime DEFAULT NULL,
  `Text` longtext COLLATE utf8_unicode_ci,
  PRIMARY KEY (`id`),
  KEY `TransportOrder_Unit_id_59911665_fk_Unit_id` (`Unit_id`),
  KEY `TransportOrder_6d51f4ab` (`Customer_id`),
  CONSTRAINT `TransportOrder_Customer_id_5ed338e3_fk_Customer_id` FOREIGN KEY (`Customer_id`) REFERENCES `Customer` (`id`),
  CONSTRAINT `TransportOrder_Unit_id_59911665_fk_Unit_id` FOREIGN KEY (`Unit_id`) REFERENCES `Unit` (`id`)
) ENGINE=InnoDB AUTO_INCREMENT=4 DEFAULT CHARSET=utf8 COLLATE=utf8_unicode_ci;
/*!40101 SET character_set_client = @saved_cs_client */;

--
-- Dumping data for table `TransportOrder`
--

LOCK TABLES `TransportOrder` WRITE;
/*!40000 ALTER TABLE `TransportOrder` DISABLE KEYS */;
/*!40000 ALTER TABLE `TransportOrder` ENABLE KEYS */;
UNLOCK TABLES;

--
-- Table structure for table `Unit`
--

DROP TABLE IF EXISTS `Unit`;
/*!40101 SET @saved_cs_client     = @@character_set_client */;
/*!40101 SET character_set_client = utf8 */;
CREATE TABLE `Unit` (
  `id` int(11) NOT NULL AUTO_INCREMENT,
  `Name` varchar(200) COLLATE utf8_unicode_ci DEFAULT NULL,
  `Description` longtext COLLATE utf8_unicode_ci,
  `Paragraph_id` int(11) NOT NULL,
  `Eng` varchar(200) COLLATE utf8_unicode_ci DEFAULT NULL,
  `CanBuyInCubes` tinyint(1),
  `CanLoadUnload` tinyint(1),
  `DeliveryInRegion` tinyint(1),
  PRIMARY KEY (`id`),
  KEY `Unit_Paragraph_id_07098157_fk_Paragraph_id` (`Paragraph_id`),
  CONSTRAINT `Unit_Paragraph_id_07098157_fk_Paragraph_id` FOREIGN KEY (`Paragraph_id`) REFERENCES `Paragraph` (`id`)
) ENGINE=InnoDB AUTO_INCREMENT=66 DEFAULT CHARSET=utf8 COLLATE=utf8_unicode_ci;
/*!40101 SET character_set_client = @saved_cs_client */;

--
-- Dumping data for table `Unit`
--

LOCK TABLES `Unit` WRITE;
/*!40000 ALTER TABLE `Unit` DISABLE KEYS */;
INSERT INTO `Unit` VALUES (1,'бутилцеллозольв','Компания Полихимстрой предлагает возможность приобрести бутилцеллозольв оптом и в розницу с самовывозом или доставкой транспортом. Цена договорная.\r\nВы можете оставить заявку на этой странице (мы обязательно с Вами свяжемся) или связаться с нами по телефону или по электронной почте, указанных в Контактах.',1,'butilcellozol',1,1,1),(2,'дипроксамин 157','Компания Полихимстрой предлагает возможность приобрести дипроксамин 157 оптом и в розницу с самовывозом или доставкой транспортом. Цена договорная.\r\nВы можете оставить заявку на этой странице (мы обязательно с Вами свяжемся) или связаться с нами по телефону или по электронной почте, указанных в Контактах.',1,'diproksamin-157',1,1,1),(3,'дипроксамин 157-65','Компания Полихимстрой предлагает возможность приобрести дипроксамин 157-65 оптом и в розницу с самовывозом или доставкой транспортом. Цена договорная.\r\nВы можете оставить заявку на этой странице (мы обязательно с Вами свяжемся) или связаться с нами по телефону или по электронной почте, указанных в Контактах.',1,'diproksamin-157-65',1,1,1),(4,'диэтаноламин чист.','Компания Полихимстрой предлагает возможность приобрести диэтаноламин чист. оптом и в розницу с самовывозом или доставкой транспортом. Цена договорная.\r\nВы можете оставить заявку на этой странице (мы обязательно с Вами свяжемся) или связаться с нами по телефону или по электронной почте, указанных в Контактах.',1,'dietanolamin-chist.',1,1,1),(5,'диэтаноламин м.б','Компания Полихимстрой предлагает возможность приобрести диэтаноламин м.б оптом и в розницу с самовывозом или доставкой транспортом. Цена договорная.\r\nВы можете оставить заявку на этой странице (мы обязательно с Вами свяжемся) или связаться с нами по телефону или по электронной почте, указанных в Контактах.',1,'dietanolamin-m.b',1,1,1),(6,'моноэтаноламин в/с','Компания Полихимстрой предлагает возможность приобрести моноэтаноламин в/с оптом и в розницу с самовывозом или доставкой транспортом. Цена договорная.\r\nВы можете оставить заявку на этой странице (мы обязательно с Вами свяжемся) или связаться с нами по телефону или по электронной почте, указанных в Контактах.',1,'monoetanolamin-v-s',1,1,1),(7,'триэтаноламин м.а','Компания Полихимстрой предлагает возможность приобрести триэтаноламин м.а оптом и в розницу с самовывозом или доставкой транспортом. Цена договорная.\r\nВы можете оставить заявку на этой странице (мы обязательно с Вами свяжемся) или связаться с нами по телефону или по электронной почте, указанных в Контактах.',1,'trietanolamin-m.a',1,1,1),(8,'триэтаноламин м.б','Компания Полихимстрой предлагает возможность приобрести триэтаноламин м.б оптом и в розницу с самовывозом или доставкой транспортом. Цена договорная.\r\nВы можете оставить заявку на этой странице (мы обязательно с Вами свяжемся) или связаться с нами по телефону или по электронной почте, указанных в Контактах.',1,'trietanolamin-m.b',1,1,1),(9,'этиленгликоль в/с','Компания Полихимстрой предлагает возможность приобрести этиленгликоль в/с оптом и в розницу с самовывозом или доставкой транспортом. Цена договорная.\r\nВы можете оставить заявку на этой странице (мы обязательно с Вами свяжемся) или связаться с нами по телефону или по электронной почте, указанных в Контактах.',1,'etilenglikol-v-s',1,1,1),(10,'этилцеллозольв','Компания Полихимстрой предлагает возможность приобрести этилацетат технический оптом и в розницу с самовывозом или доставкой транспортом. Цена договорная.\r\nВы можете оставить заявку на этой странице (мы обязательно с Вами свяжемся) или связаться с нами по телефону или по электронной почте, указанных в Контактах.\r\n\r\nКомпания Полихимстрой предлагает возможность приобрести этилцеллозольв оптом и в розницу с самовывозом или доставкой транспортом. Цена договорная.\r\nВы можете оставить заявку на этой странице (мы обязательно с Вами свяжемся) или связаться с нами по телефону или по электронной почте, указанных в Контактах.',1,'etilcellozolv',1,1,1),(11,'этилацетат','Компания Полихимстрой предлагает возможность приобрести этилацетат оптом и в розницу с самовывозом или доставкой транспортом. Цена договорная.\r\nВы можете оставить заявку на этой странице (мы обязательно с Вами свяжемся) или связаться с нами по телефону или по электронной почте, указанных в Контактах.',1,'etilacetat1',1,1,1),(12,'ацетон технический','Компания Полихимстрой предлагает возможность приобрести ацетон технический оптом и в розницу с самовывозом или доставкой транспортом. Цена договорная.\r\nВы можете оставить заявку на этой странице (мы обязательно с Вами свяжемся) или связаться с нами по телефону или по электронной почте, указанных в Контактах.',1,'aceton',1,1,1),(13,'толуол','Компания Полихимстрой предлагает возможность приобрести толуол оптом и в розницу с самовывозом или доставкой транспортом. Цена договорная.\r\nВы можете оставить заявку на этой странице (мы обязательно с Вами свяжемся) или связаться с нами по телефону или по электронной почте, указанных в Контактах.',1,'toluol',1,1,1),(14,'бентол','Компания Полихимстрой предлагает возможность приобрести бентол оптом и в розницу с самовывозом или доставкой транспортом. Цена договорная.\r\nВы можете оставить заявку на этой странице (мы обязательно с Вами свяжемся) или связаться с нами по телефону или по электронной почте, указанных в Контактах.',1,'bentol',1,1,1),(15,'arbreak','Компания Полихимстрой предлагает возможность приобрести деэмульгатор arbreak различных модификаций оптом и в розницу с самовывозом или доставкой транспортом. Цена договорная.\r\nВы можете оставить заявку на этой странице (мы обязательно с Вами свяжемся) или связаться с нами по телефону или по электронной почте, указанных в Контактах.',1,'arbreak',1,1,1),(16,'стеариновая кислота','Компания Полихимстрой предлагает возможность приобрести стеариновую кислоту Б-115 оптом и в розницу с самовывозом или доставкой транспортом. Цена договорная.\r\nВы можете оставить заявку на этой странице (мы обязательно с Вами свяжемся) или связаться с нами по телефону или по электронной почте, указанных в Контактах.',1,'stearinovaya-kislota',1,1,1),(17,'олеиновая кислота Б-115','Олеиновая кислота и её эфиры применяют для получения лакокрасочных материалов, как пластификаторы. Применяется в мыловарении, олеиновая кислота и её соли широко применяется в качестве эмульгаторов, в частности, в составе смазочно-охлаждающих жидкостей) при обработке металлов резанием — хонингованием, протягиванием, развертыванием и пр. Также используется в качестве стабилизатора магнитных жидкостей на основе углеводородных носителей ферромагнитных частиц.\r\n\r\nВ производстве замасливающих средств (для химических волокон), флотореагентов, синтетического каучука, пеногасителей, смачивателя для крашения дисперсными красителями, пластификаторов. Входит в состав косметических средств. Входит в состав олеина.\r\n\r\nКомпания Полихимстрой предлагает возможность приобрести олеиновую кислоту Б-115 оптом и в розницу с самовывозом или доставкой транспортом. Цена договорная.\r\nВы можете оставить заявку на этой странице (мы обязательно с Вами свяжемся) или связаться с нами по телефону или по электронной почте, указанных в Контактах.',1,'oleinovaya-kislota-b-115',1,1,1),(18,'олеиновая кислота марки В','Компания Полихимстрой предлагает возможность приобрести олеиновую кислоту марки В оптом и в розницу с самовывозом или доставкой транспортом. Цена договорная.\r\nВы можете оставить заявку на этой странице (мы обязательно с Вами свяжемся) или связаться с нами по телефону или по электронной почте, указанных в Контактах.',1,'oleinovaya-kislota-marki-v',1,1,1),(19,'дистилированные жирные кислоты соапстока','Компания Полихимстрой предлагает возможность приобрести дистилированные жирные кислоты соапстока оптом и в розницу с самовывозом или доставкой транспортом. Цена договорная.\r\nВы можете оставить заявку на этой странице (мы обязательно с Вами свяжемся) или связаться с нами по телефону или по электронной почте, указанных в Контактах.',1,'distilirovannye-zhirnye-kisloty-soa',1,1,1),(20,'глицерин дистилированный марок д-98 и пк-94','Компания Полихимстрой предлагает возможность приобрести глицерин дистилированный марок д-98 и пк-94 оптом и в розницу с самовывозом или доставкой транспортом. Цена договорная.\r\nВы можете оставить заявку на этой странице (мы обязательно с Вами свяжемся) или связаться с нами по телефону или по электронной почте, указанных в Контактах.',1,'distillirovanny-glicerin',1,1,1),(21,'лауретсульфат натрия (сульфоэтоксилат)','Компания Полихимстрой предлагает возможность приобрести лауретсульфат натрия (сульфоэтоксилат) оптом и в розницу с самовывозом или доставкой транспортом. Цена договорная.\r\nВы можете оставить заявку на этой странице (мы обязательно с Вами свяжемся) или связаться с нами по телефону или по электронной почте, указанных в Контактах.',1,'lauretsulfat-natriya-sulfoetoksilat',1,1,1),(22,'каустическая сода (гидроксид натрия)','Компания Полихимстрой предлагает возможность приобрести каустическую соду (гидроксид натрия) оптом и в розницу с самовывозом или доставкой транспортом. Цена договорная.\r\nВы можете оставить заявку на этой странице (мы обязательно с Вами свяжемся) или связаться с нами по телефону или по электронной почте, указанных в Контактах.',1,'kausticheskaya-soda-gidroksid-natriya',1,1,1),(23,'оксиэтилидендифосфоновая кислота (ОЭДФ)','Компания Полихимстрой предлагает возможность приобрести оксиэтилидендифосфоновую кислоту (ОЭДФ) оптом и в розницу с самовывозом или доставкой транспортом. Цена договорная.\r\nВы можете оставить заявку на этой странице (мы обязательно с Вами свяжемся) или связаться с нами по телефону или по электронной почте, указанных в Контактах.',1,'oksietilidendifosfonovaya-kislota-oedf',1,1,1),(24,'тетранатриевая соль','Компания Полихимстрой предлагает возможность приобрести тетранатриевую соль оптом и в розницу с самовывозом или доставкой транспортом. Цена договорная.\r\nВы можете оставить заявку на этой странице (мы обязательно с Вами свяжемся) или связаться с нами по телефону или по электронной почте, указанных в Контактах.',1,'tetranatrievaya-sol',1,1,1),(25,'нитрилотриуксусная кислота','Компания Полихимстрой предлагает возможность приобрести нитрилотриуксусную кислоту оптом и в розницу с самовывозом или доставкой транспортом. Цена договорная.\r\nВы можете оставить заявку на этой странице (мы обязательно с Вами свяжемся) или связаться с нами по телефону или по электронной почте, указанных в Контактах.',1,'nitrilotriacetic-acid',1,1,1),(26,'кокамидопропиламиноксид','Компания Полихимстрой предлагает возможность приобрести кокамидопропиламиноксид оптом и в розницу с самовывозом или доставкой транспортом. Цена договорная.\r\nВы можете оставить заявку на этой странице (мы обязательно с Вами свяжемся) или связаться с нами по телефону или по электронной почте, указанных в Контактах.',1,'cocamidopropylamineoxide',1,1,1),(27,'теплоноситель','Компания Полихимстрой предлагает возможность приобрести теплоноситель оптом и в розницу с самовывозом или доставкой транспортом. Цена договорная.\r\nВы можете оставить заявку на этой странице (мы обязательно с Вами свяжемся) или связаться с нами по телефону или по электронной почте, указанных в Контактах.',1,'teplonositel',1,1,1),(28,'пропиленгликоль','Компания Полихимстрой предлагает возможность приобрести пропиленгликоль оптом и в розницу с самовывозом или доставкой транспортом. Цена договорная.\r\nВы можете оставить заявку на этой странице (мы обязательно с Вами свяжемся) или связаться с нами по телефону или по электронной почте, указанных в Контактах.',1,'propilenglikol',1,1,1),(29,'глицерин','Компания Полихимстрой предлагает возможность приобрести глицерин оптом и в розницу с самовывозом или доставкой транспортом. Цена договорная.\r\nВы можете оставить заявку на этой странице (мы обязательно с Вами свяжемся) или связаться с нами по телефону или по электронной почте, указанных в Контактах.',1,'glicerin',1,1,1),(30,'вода дистиллированная','Компания Полихимстрой предлагает возможность заказать дистиллированную воду оптом и в розницу с самовывозом или доставкой транспортом. Цена договорная.\r\nВы можете оставить заявку на этой странице (мы обязательно с Вами свяжемся) или связаться с нами по телефону или по электронной почте, указанных в Контактах.',1,'voda-distillirovannaya',1,1,1),(31,'алкилбензолсульфокислота (АБСК)','Компания Полихимстрой предлагает возможность заказать алкилбензолсульфокислоту (АБСК) оптом и в розницу с самовывозом или доставкой транспортом. Цена договорная.\r\nВы можете оставить заявку на этой странице (мы обязательно с Вами свяжемся) или связаться с нами по телефону или по электронной почте, указанных в Контактах.',1,'alkilbenzolsulfokislota-absk',1,1,1),(32,'автошампунь (пена) 1кг','Компания Полихимстрой предлагает возможность приобрести автошампунь (пена) различной емкости и модификации оптом и в розницу с самовывозом или доставкой транспортом. Цена договорная.\r\nВы можете оставить заявку на этой странице (мы обязательно с Вами свяжемся) или связаться с нами по телефону или по электронной почте, указанных в Контактах.',4,'',1,1,1),(33,'автошампунь (пена) 5кг','Компания Полихимстрой предлагает возможность приобрести автошампунь (пена) различной емкости и модификации оптом и в розницу с самовывозом или доставкой транспортом. Цена договорная.\r\nВы можете оставить заявку на этой странице (мы обязательно с Вами свяжемся) или связаться с нами по телефону или по электронной почте, указанных в Контактах.',4,'',1,1,1),(34,'автошампунь (пена) 10кг','Компания Полихимстрой предлагает возможность приобрести автошампунь (пена) различной емкости и модификации оптом и в розницу с самовывозом или доставкой транспортом. Цена договорная.\r\nВы можете оставить заявку на этой странице (мы обязательно с Вами свяжемся) или связаться с нами по телефону или по электронной почте, указанных в Контактах.',4,'',1,1,1),(35,'автошампунь (пена) 20кг','Компания Полихимстрой предлагает возможность приобрести автошампунь (пена) различной емкости и модификации оптом и в розницу с самовывозом или доставкой транспортом. Цена договорная.\r\nВы можете оставить заявку на этой странице (мы обязательно с Вами свяжемся) или связаться с нами по телефону или по электронной почте, указанных в Контактах.',4,'',1,1,1),(36,'автошампунь (пена) 225кг','Компания Полихимстрой предлагает возможность приобрести автошампунь (пена) различной емкости и модификации оптом и в розницу с самовывозом или доставкой транспортом. Цена договорная.\r\nВы можете оставить заявку на этой странице (мы обязательно с Вами свяжемся) или связаться с нами по телефону или по электронной почте, указанных в Контактах.',4,'',1,1,1),(37,'эмаль КО-525 20-25л.','Компания Полихимстрой предлагает возможность приобрести эмаль эмаль КО-525 20-25л. оптом и в розницу с самовывозом или доставкой транспортом. Цена договорная.\r\nВы можете оставить заявку на этой странице (мы обязательно с Вами свяжемся) или связаться с нами по телефону или по электронной почте, указанных в Контактах.',3,'',1,1,1),(38,'эмаль КО-525 50л.','Компания Полихимстрой предлагает возможность приобрести эмаль эмаль КО-525 50л. оптом и в розницу с самовывозом или доставкой транспортом. Цена договорная.\r\nВы можете оставить заявку на этой странице (мы обязательно с Вами свяжемся) или связаться с нами по телефону или по электронной почте, указанных в Контактах.',3,'',1,1,1),(39,'эмаль КО-525 200л.','Компания Полихимстрой предлагает возможность приобрести эмаль эмаль КО-525 200л. оптом и в розницу с самовывозом или доставкой транспортом. Цена договорная.\r\nВы можете оставить заявку на этой странице (мы обязательно с Вами свяжемся) или связаться с нами по телефону или по электронной почте, указанных в Контактах.',3,'',1,1,1),(40,'бочки металлические','Компания Полихимстрой предлагает заказать бочки металлические различной ёмкости и различной модификации оптом и в розницу с самовывозом или доставкой транспортом. Цена договорная.\r\nВы можете оставить заявку на этой странице (мы обязательно с Вами свяжемся) или связаться с нами по телефону или по электронной почте, указанных в Контактах.',2,'',NULL,1,1),(41,'кубовые емкости','Компания Полихимстрой предлагает заказать еврокубы различной ёмкости и различной модификации оптом и в розницу с самовывозом или доставкой транспортом. Цена договорная.\r\nВы можете оставить заявку на этой странице (мы обязательно с Вами свяжемся) или связаться с нами по телефону или по электронной почте, указанных в Контактах.',2,'',NULL,1,1),(42,'контейнером','Компания Полихимстрой предлагает заказать перевозку грузов контейнером. Цена договорная.\r\nВы можете оставить заявку на этой странице (мы обязательно с Вами свяжемся) или связаться с нами по телефону или по электронной почте, указанных в Контактах.',6,'',NULL,NULL,NULL),(43,'ж/д вагонами','Компания Полихимстрой предлагает услуги по перевозке грузов ж/д вагонами. Цена договорная.\r\nВы можете оставить заявку на этой странице (мы обязательно с Вами свяжемся) или связаться с нами по телефону или по электронной почте, указанных в Контактах.',6,'',NULL,NULL,NULL),(44,'cклад временного хранения','Компания Полихимстрой предлагает арендовать склад временного хранения. Цена договорная.\r\nВы можете оставить заявку на этой странице (мы обязательно с Вами свяжемся) или связаться с нами по телефону или по электронной почте, указанных в Контактах.',6,'',NULL,NULL,NULL),(45,'разгрузочно-погрузочные работы','Компания Полихимстрой предлагает помощь при осуществлении разгрузочно-погрузочных работ. Цена договорная.\r\nВы можете оставить заявку на этой странице (мы обязательно с Вами свяжемся) или связаться с нами по телефону или по электронной почте, указанных в Контактах.',6,'',NULL,NULL,NULL),(46,'вилочный погрузчик (1500 кг)','Компания Полихимстрой предлагает вилочный погрузчик (1500 кг). Цена договорная.\r\nВы можете оставить заявку на этой странице (мы обязательно с Вами свяжемся) или связаться с нами по телефону или по электронной почте, указанных в Контактах.',7,'',NULL,NULL,NULL),(47,'фронтальный погрузчик','Компания Полихимстрой предлагает заказать фронтальный погрузчик. Цена договорная.\r\nВы можете оставить заявку на этой странице (мы обязательно с Вами свяжемся) или связаться с нами по телефону или по электронной почте, указанных в Контактах.',7,'',NULL,NULL,NULL),(48,'трактор-экскаватор','Компания Полихимстрой предлагает заказать трактор-экскаватор. Цена договорная.\r\nВы можете оставить заявку на этой странице (мы обязательно с Вами свяжемся) или связаться с нами по телефону или по электронной почте, указанных в Контактах.',7,'',NULL,NULL,NULL),(49,'манипулятор','Компания Полихимстрой предлагает заказать манипулятор. Цена договорная.\r\nВы можете оставить заявку на этой странице (мы обязательно с Вами свяжемся) или связаться с нами по телефону или по электронной почте, указанных в Контактах.',7,'',NULL,NULL,NULL),(50,'газель (1,5-2 тн)','Компания Полихимстрой предлагает заказать транспорт газель (1,5-2 тн). Цена договорная.\r\nВы можете оставить заявку на этой странице (мы обязательно с Вами свяжемся) или связаться с нами по телефону или по электронной почте, указанных в Контактах.',7,'',NULL,NULL,NULL),(51,'волдай (5 тн)','Компания Полихимстрой предлагает заказать транспорт волдай (5 тн). Цена договорная.\r\nВы можете оставить заявку на этой странице (мы обязательно с Вами свяжемся) или связаться с нами по телефону или по электронной почте, указанных в Контактах.',7,'',NULL,NULL,NULL),(52,'фура (20 тн тент. )','Компания Полихимстрой предлагает заказать фуру (20 тн тент. ). Цена договорная.\r\nВы можете оставить заявку на этой странице (мы обязательно с Вами свяжемся) или связаться с нами по телефону или по электронной почте, указанных в Контактах.',7,'',NULL,NULL,NULL),(53,'антифриз стандарт G11 (синий)','Компания Полихимстрой предлагает купить антифриз стандарт G11 (синий) и другие изделия оптом и в розницу с доставкой транспортом. Цена договорная.\r\nВы можете оставить заявку на этой странице (мы обязательно с Вами свяжемся) или связаться с нами по телефону или по электронной почте, указанных в Контактах.',5,'',1,1,1),(54,'антифриз премиум G11 (зеленый)','Компания Полихимстрой предлагает купить антифриз премиум G11 (зеленый) и другие изделия оптом и в розницу с доставкой транспортом. Цена договорная.\r\nВы можете оставить заявку на этой странице (мы обязательно с Вами свяжемся) или связаться с нами по телефону или по электронной почте, указанных в Контактах.',5,'',1,1,1),(55,'антифриз красный G12','Компания Полихимстрой предлагает купить антифриз спорт G12 и другие изделия оптом и в розницу с доставкой транспортом. Цена договорная.\r\nВы можете оставить заявку на этой странице (мы обязательно с Вами свяжемся) или связаться с нами по телефону или по электронной почте, указанных в Контактах.',5,'',1,1,1),(56,'антифриз спорт G12++','Компания Полихимстрой предлагает купить антифриз спорт G12++ и другие изделия оптом и в розницу с доставкой транспортом. Цена договорная.\r\nВы можете оставить заявку на этой странице (мы обязательно с Вами свяжемся) или связаться с нами по телефону или по электронной почте, указанных в Контактах.',5,'',1,1,1),(57,'теплоноситель для системы отопления','Компания Полихимстрой предлагает купить теплоноситель для системы отопления и другие изделия оптом и в розницу с доставкой транспортом. Цена договорная.\r\nВы можете оставить заявку на этой странице (мы обязательно с Вами свяжемся) или связаться с нами по телефону или по электронной почте, указанных в Контактах.',5,'',1,1,1),(58,'нить полипропиленовая','Компания Полихимстрой предлагает купить полипропиленовую нить и другие изделия из полипропилена оптом и в розницу с доставкой транспортом. Цена договорная.\r\nВы можете оставить заявку на этой странице (мы обязательно с Вами свяжемся) или связаться с нами по телефону или по электронной почте, указанных в Контактах.',8,'',NULL,1,1),(59,'полотно полипропиленовое','Компания Полихимстрой предлагает купить полотно полипропиленовое и другие изделия из полипропилена оптом и в розницу с доставкой транспортом. Цена договорная.\r\nВы можете оставить заявку на этой странице (мы обязательно с Вами свяжемся) или связаться с нами по телефону или по электронной почте, указанных в Контактах.',8,'',NULL,1,1),(60,'рукавная ткань','Компания Полихимстрой предлагает купить рукавную ткань и другие изделия из полипропилена оптом и в розницу с доставкой транспортом. Цена договорная.\r\nВы можете оставить заявку на этой странице (мы обязательно с Вами свяжемся) или связаться с нами по телефону или по электронной почте, указанных в Контактах.',8,'',NULL,1,1),(61,'мешок полипропиленовый с клапаном коробчатого типа','Компания Полихимстрой предлагает купить мешки полипропиленовые и другие изделия из полипропилена оптом и в розницу с доставкой транспортом. Цена договорная.\r\nВы можете оставить заявку на этой странице (мы обязательно с Вами свяжемся) или связаться с нами по телефону или по электронной почте, указанных в Контактах.',8,'',NULL,1,1),(62,'мешок полипропиленовый (коробчатое дно) с открытым верхом','Компания Полихимстрой предлагает купить мешки полипропиленовые и другие изделия из полипропилена оптом и в розницу с доставкой транспортом. Цена договорная.\r\nВы можете оставить заявку на этой странице (мы обязательно с Вами свяжемся) или связаться с нами по телефону или по электронной почте, указанных в Контактах.',8,'',NULL,1,1),(63,'мешок полипропиленовый с прошивным дном','Компания Полихимстрой предлагает купить мешки полипропиленовые и другие изделия из полипропилена оптом и в розницу с доставкой транспортом. Цена договорная.\r\nВы можете оставить заявку на этой странице (мы обязательно с Вами свяжемся) или связаться с нами по телефону или по электронной почте, указанных в Контактах.',8,'',NULL,1,1),(64,'сумка полипропиленовая с прошивным дном и прорубными ручками','Компания Полихимстрой предлагает купить сумки полипропиленовые и другие изделия из полипропилена оптом и в розницу с доставкой транспортом. Цена договорная.\r\nВы можете оставить заявку на этой странице (мы обязательно с Вами свяжемся) или связаться с нами по телефону или по электронной почте, указанных в Контактах.',8,'',NULL,1,1),(65,'сумка полипропиленовая с прошивным дном с ручками','Компания Полихимстрой предлагает купить сумки полипропиленовые и другие изделия из полипропилена оптом и в розницу с доставкой транспортом. Цена договорная.\r\nВы можете оставить заявку на этой странице (мы обязательно с Вами свяжемся) или связаться с нами по телефону или по электронной почте, указанных в Контактах.',8,'',NULL,1,1);
/*!40000 ALTER TABLE `Unit` ENABLE KEYS */;
UNLOCK TABLES;

--
-- Table structure for table `auth_group`
--

DROP TABLE IF EXISTS `auth_group`;
/*!40101 SET @saved_cs_client     = @@character_set_client */;
/*!40101 SET character_set_client = utf8 */;
CREATE TABLE `auth_group` (
  `id` int(11) NOT NULL AUTO_INCREMENT,
  `name` varchar(80) COLLATE utf8_unicode_ci NOT NULL,
  PRIMARY KEY (`id`),
  UNIQUE KEY `name` (`name`)
) ENGINE=InnoDB DEFAULT CHARSET=utf8 COLLATE=utf8_unicode_ci;
/*!40101 SET character_set_client = @saved_cs_client */;

--
-- Dumping data for table `auth_group`
--

LOCK TABLES `auth_group` WRITE;
/*!40000 ALTER TABLE `auth_group` DISABLE KEYS */;
/*!40000 ALTER TABLE `auth_group` ENABLE KEYS */;
UNLOCK TABLES;

--
-- Table structure for table `auth_group_permissions`
--

DROP TABLE IF EXISTS `auth_group_permissions`;
/*!40101 SET @saved_cs_client     = @@character_set_client */;
/*!40101 SET character_set_client = utf8 */;
CREATE TABLE `auth_group_permissions` (
  `id` int(11) NOT NULL AUTO_INCREMENT,
  `group_id` int(11) NOT NULL,
  `permission_id` int(11) NOT NULL,
  PRIMARY KEY (`id`),
  UNIQUE KEY `auth_group_permissions_group_id_0cd325b0_uniq` (`group_id`,`permission_id`),
  KEY `auth_group_permissi_permission_id_84c5c92e_fk_auth_permission_id` (`permission_id`),
  CONSTRAINT `auth_group_permissi_permission_id_84c5c92e_fk_auth_permission_id` FOREIGN KEY (`permission_id`) REFERENCES `auth_permission` (`id`),
  CONSTRAINT `auth_group_permissions_group_id_b120cbf9_fk_auth_group_id` FOREIGN KEY (`group_id`) REFERENCES `auth_group` (`id`)
) ENGINE=InnoDB DEFAULT CHARSET=utf8 COLLATE=utf8_unicode_ci;
/*!40101 SET character_set_client = @saved_cs_client */;

--
-- Dumping data for table `auth_group_permissions`
--

LOCK TABLES `auth_group_permissions` WRITE;
/*!40000 ALTER TABLE `auth_group_permissions` DISABLE KEYS */;
/*!40000 ALTER TABLE `auth_group_permissions` ENABLE KEYS */;
UNLOCK TABLES;

--
-- Table structure for table `auth_permission`
--

DROP TABLE IF EXISTS `auth_permission`;
/*!40101 SET @saved_cs_client     = @@character_set_client */;
/*!40101 SET character_set_client = utf8 */;
CREATE TABLE `auth_permission` (
  `id` int(11) NOT NULL AUTO_INCREMENT,
  `name` varchar(255) COLLATE utf8_unicode_ci NOT NULL,
  `content_type_id` int(11) NOT NULL,
  `codename` varchar(100) COLLATE utf8_unicode_ci NOT NULL,
  PRIMARY KEY (`id`),
  UNIQUE KEY `auth_permission_content_type_id_01ab375a_uniq` (`content_type_id`,`codename`),
  CONSTRAINT `auth_permissi_content_type_id_2f476e4b_fk_django_content_type_id` FOREIGN KEY (`content_type_id`) REFERENCES `django_content_type` (`id`)
) ENGINE=InnoDB AUTO_INCREMENT=70 DEFAULT CHARSET=utf8 COLLATE=utf8_unicode_ci;
/*!40101 SET character_set_client = @saved_cs_client */;

--
-- Dumping data for table `auth_permission`
--

LOCK TABLES `auth_permission` WRITE;
/*!40000 ALTER TABLE `auth_permission` DISABLE KEYS */;
INSERT INTO `auth_permission` VALUES (1,'Can add log entry',1,'add_logentry'),(2,'Can change log entry',1,'change_logentry'),(3,'Can delete log entry',1,'delete_logentry'),(4,'Can add permission',2,'add_permission'),(5,'Can change permission',2,'change_permission'),(6,'Can delete permission',2,'delete_permission'),(7,'Can add group',3,'add_group'),(8,'Can change group',3,'change_group'),(9,'Can delete group',3,'delete_group'),(10,'Can add user',4,'add_user'),(11,'Can change user',4,'change_user'),(12,'Can delete user',4,'delete_user'),(13,'Can add content type',5,'add_contenttype'),(14,'Can change content type',5,'change_contenttype'),(15,'Can delete content type',5,'delete_contenttype'),(16,'Can add session',6,'add_session'),(17,'Can change session',6,'change_session'),(18,'Can delete session',6,'delete_session'),(19,'Can add paragraph',7,'add_paragraph'),(20,'Can change paragraph',7,'change_paragraph'),(21,'Can delete paragraph',7,'delete_paragraph'),(22,'Can add unit',8,'add_unit'),(23,'Can change unit',8,'change_unit'),(24,'Can delete unit',8,'delete_unit'),(25,'Can add order',9,'add_order'),(26,'Can change order',9,'change_order'),(27,'Can delete order',9,'delete_order'),(28,'Can add get in touch',10,'add_getintouch'),(29,'Can change get in touch',10,'change_getintouch'),(30,'Can delete get in touch',10,'delete_getintouch'),(31,'Can add transport order',11,'add_transportorder'),(32,'Can change transport order',11,'change_transportorder'),(33,'Can delete transport order',11,'delete_transportorder'),(34,'Can add order moderated',12,'add_ordermoderated'),(35,'Can change order moderated',12,'change_ordermoderated'),(36,'Can delete order moderated',12,'delete_ordermoderated'),(37,'Can add order moderated transport order',13,'add_ordermoderatedtransportorder'),(38,'Can change order moderated transport order',13,'change_ordermoderatedtransportorder'),(39,'Can delete order moderated transport order',13,'delete_ordermoderatedtransportorder'),(40,'Can add order moderated order',14,'add_ordermoderatedorder'),(41,'Can change order moderated order',14,'change_ordermoderatedorder'),(42,'Can delete order moderated order',14,'delete_ordermoderatedorder'),(43,'Can add order moderated get in touch',15,'add_ordermoderatedgetintouch'),(44,'Can change order moderated get in touch',15,'change_ordermoderatedgetintouch'),(45,'Can delete order moderated get in touch',15,'delete_ordermoderatedgetintouch'),(46,'Can add order moderated unit',16,'add_ordermoderatedunit'),(47,'Can change order moderated unit',16,'change_ordermoderatedunit'),(48,'Can delete order moderated unit',16,'delete_ordermoderatedunit'),(49,'Can add order moderated paragraph',17,'add_ordermoderatedparagraph'),(50,'Can change order moderated paragraph',17,'change_ordermoderatedparagraph'),(51,'Can delete order moderated paragraph',17,'delete_ordermoderatedparagraph'),(52,'Can add customer',18,'add_customer'),(53,'Can change customer',18,'change_customer'),(54,'Can delete customer',18,'delete_customer'),(55,'Can add customer order',19,'add_customerorder'),(56,'Can change customer order',19,'change_customerorder'),(57,'Can delete customer order',19,'delete_customerorder'),(58,'Can add customer transport order',20,'add_customertransportorder'),(59,'Can change customer transport order',20,'change_customertransportorder'),(60,'Can delete customer transport order',20,'delete_customertransportorder'),(61,'Can add customer get in touch',21,'add_customergetintouch'),(62,'Can change customer get in touch',21,'change_customergetintouch'),(63,'Can delete customer get in touch',21,'delete_customergetintouch'),(64,'Can add key word',24,'add_keyword'),(65,'Can change key word',24,'change_keyword'),(66,'Can delete key word',24,'delete_keyword'),(67,'Can add article',25,'add_article'),(68,'Can change article',25,'change_article'),(69,'Can delete article',25,'delete_article');
/*!40000 ALTER TABLE `auth_permission` ENABLE KEYS */;
UNLOCK TABLES;

--
-- Table structure for table `auth_user`
--

DROP TABLE IF EXISTS `auth_user`;
/*!40101 SET @saved_cs_client     = @@character_set_client */;
/*!40101 SET character_set_client = utf8 */;
CREATE TABLE `auth_user` (
  `id` int(11) NOT NULL AUTO_INCREMENT,
  `password` varchar(128) COLLATE utf8_unicode_ci NOT NULL,
  `last_login` datetime DEFAULT NULL,
  `is_superuser` tinyint(1) NOT NULL,
  `username` varchar(30) COLLATE utf8_unicode_ci NOT NULL,
  `first_name` varchar(30) COLLATE utf8_unicode_ci NOT NULL,
  `last_name` varchar(30) COLLATE utf8_unicode_ci NOT NULL,
  `email` varchar(254) COLLATE utf8_unicode_ci NOT NULL,
  `is_staff` tinyint(1) NOT NULL,
  `is_active` tinyint(1) NOT NULL,
  `date_joined` datetime NOT NULL,
  PRIMARY KEY (`id`),
  UNIQUE KEY `username` (`username`)
) ENGINE=InnoDB AUTO_INCREMENT=3 DEFAULT CHARSET=utf8 COLLATE=utf8_unicode_ci;
/*!40101 SET character_set_client = @saved_cs_client */;

--
-- Dumping data for table `auth_user`
--

LOCK TABLES `auth_user` WRITE;
/*!40000 ALTER TABLE `auth_user` DISABLE KEYS */;
INSERT INTO `auth_user` VALUES (1,'pbkdf2_sha256$24000$Vwvwk0TbxK0O$dy/YbYtygn4ooqPKojcQJeroAhWZsnPL/PU+zzgjaxI=','2016-10-08 12:09:38',1,'ancel','','','anceladamusic@gmail.com',1,1,'2016-07-30 15:15:25'),(2,'pbkdf2_sha256$24000$EFU6HDOUMwda$TCLiR45vUAgvLZ3otHiE7Ccb7t9YxCfVZRF7UZcwyz8=','2016-08-13 13:08:42',0,'leonid','','','',0,1,'2016-08-13 13:08:09');
/*!40000 ALTER TABLE `auth_user` ENABLE KEYS */;
UNLOCK TABLES;

--
-- Table structure for table `auth_user_groups`
--

DROP TABLE IF EXISTS `auth_user_groups`;
/*!40101 SET @saved_cs_client     = @@character_set_client */;
/*!40101 SET character_set_client = utf8 */;
CREATE TABLE `auth_user_groups` (
  `id` int(11) NOT NULL AUTO_INCREMENT,
  `user_id` int(11) NOT NULL,
  `group_id` int(11) NOT NULL,
  PRIMARY KEY (`id`),
  UNIQUE KEY `auth_user_groups_user_id_94350c0c_uniq` (`user_id`,`group_id`),
  KEY `auth_user_groups_group_id_97559544_fk_auth_group_id` (`group_id`),
  CONSTRAINT `auth_user_groups_group_id_97559544_fk_auth_group_id` FOREIGN KEY (`group_id`) REFERENCES `auth_group` (`id`),
  CONSTRAINT `auth_user_groups_user_id_6a12ed8b_fk_auth_user_id` FOREIGN KEY (`user_id`) REFERENCES `auth_user` (`id`)
) ENGINE=InnoDB DEFAULT CHARSET=utf8 COLLATE=utf8_unicode_ci;
/*!40101 SET character_set_client = @saved_cs_client */;

--
-- Dumping data for table `auth_user_groups`
--

LOCK TABLES `auth_user_groups` WRITE;
/*!40000 ALTER TABLE `auth_user_groups` DISABLE KEYS */;
/*!40000 ALTER TABLE `auth_user_groups` ENABLE KEYS */;
UNLOCK TABLES;

--
-- Table structure for table `auth_user_user_permissions`
--

DROP TABLE IF EXISTS `auth_user_user_permissions`;
/*!40101 SET @saved_cs_client     = @@character_set_client */;
/*!40101 SET character_set_client = utf8 */;
CREATE TABLE `auth_user_user_permissions` (
  `id` int(11) NOT NULL AUTO_INCREMENT,
  `user_id` int(11) NOT NULL,
  `permission_id` int(11) NOT NULL,
  PRIMARY KEY (`id`),
  UNIQUE KEY `auth_user_user_permissions_user_id_14a6b632_uniq` (`user_id`,`permission_id`),
  KEY `auth_user_user_perm_permission_id_1fbb5f2c_fk_auth_permission_id` (`permission_id`),
  CONSTRAINT `auth_user_user_perm_permission_id_1fbb5f2c_fk_auth_permission_id` FOREIGN KEY (`permission_id`) REFERENCES `auth_permission` (`id`),
  CONSTRAINT `auth_user_user_permissions_user_id_a95ead1b_fk_auth_user_id` FOREIGN KEY (`user_id`) REFERENCES `auth_user` (`id`)
) ENGINE=InnoDB DEFAULT CHARSET=utf8 COLLATE=utf8_unicode_ci;
/*!40101 SET character_set_client = @saved_cs_client */;

--
-- Dumping data for table `auth_user_user_permissions`
--

LOCK TABLES `auth_user_user_permissions` WRITE;
/*!40000 ALTER TABLE `auth_user_user_permissions` DISABLE KEYS */;
/*!40000 ALTER TABLE `auth_user_user_permissions` ENABLE KEYS */;
UNLOCK TABLES;

--
-- Table structure for table `django_admin_log`
--

DROP TABLE IF EXISTS `django_admin_log`;
/*!40101 SET @saved_cs_client     = @@character_set_client */;
/*!40101 SET character_set_client = utf8 */;
CREATE TABLE `django_admin_log` (
  `id` int(11) NOT NULL AUTO_INCREMENT,
  `action_time` datetime NOT NULL,
  `object_id` longtext COLLATE utf8_unicode_ci,
  `object_repr` varchar(200) COLLATE utf8_unicode_ci NOT NULL,
  `action_flag` smallint(5) unsigned NOT NULL,
  `change_message` longtext COLLATE utf8_unicode_ci NOT NULL,
  `content_type_id` int(11) DEFAULT NULL,
  `user_id` int(11) NOT NULL,
  PRIMARY KEY (`id`),
  KEY `django_admin__content_type_id_c4bce8eb_fk_django_content_type_id` (`content_type_id`),
  KEY `django_admin_log_user_id_c564eba6_fk_auth_user_id` (`user_id`),
  CONSTRAINT `django_admin__content_type_id_c4bce8eb_fk_django_content_type_id` FOREIGN KEY (`content_type_id`) REFERENCES `django_content_type` (`id`),
  CONSTRAINT `django_admin_log_user_id_c564eba6_fk_auth_user_id` FOREIGN KEY (`user_id`) REFERENCES `auth_user` (`id`)
) ENGINE=InnoDB AUTO_INCREMENT=451 DEFAULT CHARSET=utf8 COLLATE=utf8_unicode_ci;
/*!40101 SET character_set_client = @saved_cs_client */;

--
-- Dumping data for table `django_admin_log`
--

LOCK TABLES `django_admin_log` WRITE;
/*!40000 ALTER TABLE `django_admin_log` DISABLE KEYS */;
INSERT INTO `django_admin_log` VALUES (1,'2016-07-31 12:32:19','1','химическое сырье',1,'Добавлено.',7,1),(2,'2016-07-31 12:32:58','2','бочки, кубовые ёмкости',1,'Добавлено.',7,1),(3,'2016-07-31 12:33:29','3','лакокрасочная продукция',1,'Добавлено.',7,1),(4,'2016-07-31 12:34:23','3','продукция для разметки дорожного покрытия',2,'Изменен Name.',7,1),(5,'2016-07-31 12:34:57','4','автошампунь (пена)',1,'Добавлено.',7,1),(6,'2016-07-31 12:35:26','5','теплоноситель, антифриз, тосол',1,'Добавлено.',7,1),(7,'2016-08-06 12:12:39','3','продукция для разметки дорог',2,'Изменен Name.',7,1),(8,'2016-08-09 05:29:20','1','Бутилцеллозольв',1,'Добавлено.',8,1),(9,'2016-08-09 05:30:54','2','Дипроксамин 157',1,'Добавлено.',8,1),(10,'2016-08-09 05:32:41','3','Дипроксамин 157-65',1,'Добавлено.',8,1),(11,'2016-08-09 05:33:23','2','Дипроксамин 157',2,'Изменен Description.',8,1),(12,'2016-08-09 05:34:52','4','Диэтаноламин чист.',1,'Добавлено.',8,1),(13,'2016-08-09 05:36:15','5','Диэтаноламин м.Б',1,'Добавлено.',8,1),(14,'2016-08-09 05:36:47','1','бутилцеллозольв',2,'Изменен Name.',8,1),(15,'2016-08-09 05:36:52','2','дипроксамин 157',2,'Изменен Name.',8,1),(16,'2016-08-09 05:36:56','3','дипроксамин 157-65',2,'Изменен Name.',8,1),(17,'2016-08-09 05:37:01','4','диэтаноламин чист.',2,'Изменен Name.',8,1),(18,'2016-08-09 05:37:08','5','диэтаноламин м.б',2,'Изменен Name.',8,1),(19,'2016-08-09 05:38:38','6','моноэтаноламин в/с',1,'Добавлено.',8,1),(20,'2016-08-09 05:40:11','7','триэтаноламин',1,'Добавлено.',8,1),(21,'2016-08-09 05:40:46','7','триэтаноламин м.а',2,'Изменен Name.',8,1),(22,'2016-08-09 05:41:15','8','триэтаноламин м.б',1,'Добавлено.',8,1),(23,'2016-08-09 05:44:54','9','этиленгликоль в/с',1,'Добавлено.',8,1),(24,'2016-08-09 05:46:17','10','этилцеллозольв',1,'Добавлено.',8,1),(25,'2016-08-09 05:47:51','11','этилацетат',1,'Добавлено.',8,1),(26,'2016-08-09 05:50:09','12','ацетон',1,'Добавлено.',8,1),(27,'2016-08-09 05:50:55','13','толуол',1,'Добавлено.',8,1),(28,'2016-08-09 05:52:14','14','бентол',1,'Добавлено.',8,1),(29,'2016-08-09 05:54:14','15','arbreak',1,'Добавлено.',8,1),(30,'2016-08-09 05:59:29','15','arbreak',2,'Изменен Description.',8,1),(31,'2016-08-09 06:03:51','16','стеариновая кислота',1,'Добавлено.',8,1),(32,'2016-08-09 06:08:26','17','олеиновая кислота Б-115',1,'Добавлено.',8,1),(33,'2016-08-09 06:36:33','18','олеиновая кислота марки В',1,'Добавлено.',8,1),(34,'2016-08-09 06:38:55','19','дистилированные жирные кислоты соапстока',1,'Добавлено.',8,1),(35,'2016-08-09 06:46:35','20','глицерин дистилированный марок д-98 и пк-94',1,'Добавлено.',8,1),(36,'2016-08-09 06:49:16','21','лауретсульфат натрия (сульфоэтоксилат)',1,'Добавлено.',8,1),(37,'2016-08-09 06:57:00','22','каустическая сода (гидроксид натрия)',1,'Добавлено.',8,1),(38,'2016-08-09 06:58:24','23','оксиэтилидендифосфоновая кислота (ОЭДФ)',1,'Добавлено.',8,1),(39,'2016-08-09 06:59:46','24','тетранатриевая соль',1,'Добавлено.',8,1),(40,'2016-08-09 07:03:26','25','нитрилотриуксусная кислота',1,'Добавлено.',8,1),(41,'2016-08-09 07:05:24','26','кокамидопропиламиноксид',1,'Добавлено.',8,1),(42,'2016-08-09 07:08:57','27','теплоноситель',1,'Добавлено.',8,1),(43,'2016-08-09 07:10:28','28','пропиленгликоль',1,'Добавлено.',8,1),(44,'2016-08-09 07:10:59','29','Глицерин',1,'Добавлено.',8,1),(45,'2016-08-09 07:11:05','29','глицерин',2,'Изменен Name.',8,1),(46,'2016-08-09 07:13:30','30','вода дистиллированная',1,'Добавлено.',8,1),(47,'2016-08-09 07:15:20','31','алькилбензолсульфокислота (АБСК)',1,'Добавлено.',8,1),(48,'2016-08-09 09:32:56','1','химическое сырье',2,'Изменен Large.',7,1),(49,'2016-08-09 09:33:06','4','автошампунь (пена)',2,'Изменен Large.',7,1),(50,'2016-08-09 09:33:19','3','продукция для разметки дорог',2,'Изменен Large.',7,1),(51,'2016-08-09 09:33:35','2','бочки, кубовые ёмкости',2,'Изменен Large.',7,1),(52,'2016-08-09 09:33:59','6','автогрузоперевозки',1,'Добавлено.',7,1),(53,'2016-08-09 09:34:11','5','теплоноситель, антифриз, тосол',2,'Изменен Large.',7,1),(54,'2016-08-09 09:35:01','7','собственная спецтехника',1,'Добавлено.',7,1),(55,'2016-08-09 09:38:40','1','химическое сырье',2,'Изменен Image.',7,1),(56,'2016-08-09 09:41:48','1','химическое сырье',2,'Изменен Image.',7,1),(57,'2016-08-09 09:46:42','1','химическое сырье',2,'Изменен Image.',7,1),(58,'2016-08-09 09:49:08','6','автогрузоперевозки',2,'Изменен Image.',7,1),(59,'2016-08-09 09:49:48','7','собственная спецтехника',2,'Изменен Image.',7,1),(60,'2016-08-09 09:50:15','6','автогрузоперевозки',2,'Изменен Image.',7,1),(61,'2016-08-09 09:54:17','6','автогрузоперевозки',2,'Изменен Image.',7,1),(62,'2016-08-09 10:04:30','2','бочки, кубовые ёмкости',2,'Изменен Image.',7,1),(63,'2016-08-09 10:07:20','1','химическое сырье',2,'Изменен Image.',7,1),(64,'2016-08-09 10:08:56','1','химическое сырье',2,'Изменен No.',7,1),(65,'2016-08-09 10:09:06','4','автошампунь (пена)',2,'Изменен No.',7,1),(66,'2016-08-09 10:09:12','3','продукция для разметки дорог',2,'Изменен No.',7,1),(67,'2016-08-09 10:09:19','2','бочки, кубовые ёмкости',2,'Изменен No.',7,1),(68,'2016-08-09 10:09:29','6','автогрузоперевозки',2,'Изменен No.',7,1),(69,'2016-08-09 10:09:42','5','теплоноситель, антифриз, тосол',2,'Изменен No.',7,1),(70,'2016-08-09 10:09:52','7','собственная спецтехника',2,'Изменен No.',7,1),(71,'2016-08-09 10:27:00','1','химическое сырье',2,'Изменен Image.',7,1),(72,'2016-08-09 11:03:18','32','автошампунь (пена) 1кг',1,'Добавлено.',8,1),(73,'2016-08-09 11:03:46','33','автошампунь (пена) 5кг',1,'Добавлено.',8,1),(74,'2016-08-09 11:04:06','34','автошампунь (пена) 10кг',1,'Добавлено.',8,1),(75,'2016-08-09 11:04:17','35','автошампунь (пена) 20кг',1,'Добавлено.',8,1),(76,'2016-08-09 11:04:34','36','автошампунь (пена) 225кг',1,'Добавлено.',8,1),(77,'2016-08-09 11:06:30','37','Эмаль КО-525 20-25л.',1,'Добавлено.',8,1),(78,'2016-08-09 11:06:41','37','эмаль КО-525 20-25л.',2,'Изменен Name.',8,1),(79,'2016-08-09 11:07:28','38','эмаль КО-525 50л.',1,'Добавлено.',8,1),(80,'2016-08-09 11:08:04','39','эмаль КО-525 200л.',1,'Добавлено.',8,1),(81,'2016-08-09 11:09:58','40','бочки металические',1,'Добавлено.',8,1),(82,'2016-08-09 11:10:11','41','кубовые емкости',1,'Добавлено.',8,1),(83,'2016-08-09 11:11:18','42','контейнером',1,'Добавлено.',8,1),(84,'2016-08-09 11:11:45','43','ж/д вагонами',1,'Добавлено.',8,1),(85,'2016-08-09 11:55:16','1','химическое сырье',2,'Изменен AlignLeft.',7,1),(86,'2016-08-09 11:55:25','4','автошампунь (пена)',2,'Изменен AlignLeft.',7,1),(87,'2016-08-09 11:55:35','3','продукция для разметки дорог',2,'Изменен AlignLeft.',7,1),(88,'2016-08-09 11:55:43','2','бочки, кубовые ёмкости',2,'Изменен AlignLeft.',7,1),(89,'2016-08-09 11:55:53','6','автогрузоперевозки',2,'Изменен AlignLeft.',7,1),(90,'2016-08-09 11:56:02','5','теплоноситель, антифриз, тосол',2,'Изменен AlignLeft.',7,1),(91,'2016-08-09 11:56:10','7','собственная спецтехника',2,'Изменен AlignLeft.',7,1),(92,'2016-08-09 12:23:34','1','химическое сырье',2,'Изменен Image.',7,1),(93,'2016-08-09 12:33:05','44','cклад временного хранения',1,'Добавлено.',8,1),(94,'2016-08-09 12:33:24','45','разгрузочно погрузочные работы',1,'Добавлено.',8,1),(95,'2016-08-09 12:33:57','46','вилочный погрузчик (1500 кг)',1,'Добавлено.',8,1),(96,'2016-08-09 12:34:13','47','фронтальный погрузчик',1,'Добавлено.',8,1),(97,'2016-08-09 12:34:50','48','трактор-экскаватор',1,'Добавлено.',8,1),(98,'2016-08-09 12:35:12','49','манипулятор',1,'Добавлено.',8,1),(99,'2016-08-09 12:35:44','50','газель (1,5-2 тн)',1,'Добавлено.',8,1),(100,'2016-08-09 12:36:01','51','волдай (5 тн)',1,'Добавлено.',8,1),(101,'2016-08-09 12:36:39','52','фура (20 тн тент. )',1,'Добавлено.',8,1),(102,'2016-08-09 12:42:07','53','антифриз стандарт G11 (синий)',1,'Добавлено.',8,1),(103,'2016-08-09 12:42:22','54','антифриз премиум G11 (зеленый)',1,'Добавлено.',8,1),(104,'2016-08-09 12:42:38','55','антифриз красный G12',1,'Добавлено.',8,1),(105,'2016-08-09 12:43:00','56','антифриз спорт G12++',1,'Добавлено.',8,1),(106,'2016-08-09 12:43:21','57','теплоноситель для системы отопления',1,'Добавлено.',8,1),(107,'2016-08-09 13:04:47','1','химическое сырье',2,'Изменен Image.',7,1),(108,'2016-08-09 13:17:37','2','бочки, кубовые ёмкости',2,'Изменен Image.',7,1),(109,'2016-08-09 13:19:37','6','автогрузоперевозки',2,'Изменен Image.',7,1),(110,'2016-08-09 13:20:45','6','перевозка грузов',2,'Изменен Name.',7,1),(111,'2016-08-09 13:21:11','6','перевозка грузов',2,'Изменен Image.',7,1),(112,'2016-08-09 13:26:18','7','собственная спецтехника',2,'Изменен Image.',7,1),(113,'2016-08-13 12:41:35','8','изделия из полипропилена',1,'Добавлено.',7,1),(114,'2016-08-13 12:41:47','7','собственная спецтехника',2,'Изменен No и AlignLeft.',7,1),(115,'2016-08-13 12:44:11','58','нить полипропиленовая',1,'Добавлено.',8,1),(116,'2016-08-13 12:45:54','59','полотно полипропиленовое',1,'Добавлено.',8,1),(117,'2016-08-13 12:47:51','59','полотно полипропиленовое',2,'Изменен Description.',8,1),(118,'2016-08-13 12:48:44','60','рукавная ткань',1,'Добавлено.',8,1),(119,'2016-08-13 12:49:22','61','мешок полипропиленовый с клапаном коробчатого типа',1,'Добавлено.',8,1),(120,'2016-08-13 12:50:17','62','мешок полипропиленовый (коробчатое дно) с открытым верхом',1,'Добавлено.',8,1),(121,'2016-08-13 12:51:07','63','мешок полипропиленовый с прошивным дном',1,'Добавлено.',8,1),(122,'2016-08-13 12:51:58','64','сумка полипропиленовая с прошивным дном и прорубными ручками',1,'Добавлено.',8,1),(123,'2016-08-13 12:52:37','65','сумка полипропиленовая с прошивным дном с ручками',1,'Добавлено.',8,1),(124,'2016-08-13 13:08:09','2','leonid',1,'Добавлено.',4,1),(125,'2016-08-21 08:28:55','2','бочки, кубовые ёмкости',2,'Изменен Image.',7,1),(126,'2016-08-21 10:36:40','1','химическое сырье',2,'Изменен AlphabetOrder.',7,1),(127,'2016-08-21 11:09:59','32','автошампунь (пена) 1кг',2,'Изменен Description.',8,1),(128,'2016-08-21 11:10:08','33','автошампунь (пена) 5кг',2,'Изменен Description.',8,1),(129,'2016-08-21 11:10:14','34','автошампунь (пена) 10кг',2,'Изменен Description.',8,1),(130,'2016-08-21 11:10:21','36','автошампунь (пена) 225кг',2,'Изменен Description.',8,1),(131,'2016-08-21 11:10:26','35','автошампунь (пена) 20кг',2,'Изменен Description.',8,1),(132,'2016-08-27 13:31:27','6','перевозка грузов',2,'Изменен TransportFlag.',7,1),(133,'2016-09-07 04:43:19','31','алкилбензолсульфокислота (АБСК)',2,'Изменен Name.',8,1),(134,'2016-09-07 04:44:26','31','алкилбензолсульфокислота (АБСК)',2,'Изменен Eng.',8,1),(135,'2016-09-07 04:45:29','15','arbreak',2,'Изменен Eng.',8,1),(136,'2016-09-07 04:52:04','19','дистилированные жирные кислоты соапстока',2,'Изменен Eng.',8,1),(137,'2016-09-07 04:54:35','12','ацетон технический',2,'Изменен Name и Eng.',8,1),(138,'2016-09-07 04:56:58','14','бентол',2,'Изменен Eng.',8,1),(139,'2016-09-07 04:58:10','1','бутилцеллозольв',2,'Изменен Eng.',8,1),(140,'2016-09-07 04:59:06','30','вода дистиллированная',2,'Изменен Eng.',8,1),(141,'2016-09-07 04:59:47','29','глицерин',2,'Изменен Eng.',8,1),(142,'2016-09-07 05:01:02','20','глицерин дистилированный марок д-98 и пк-94',2,'Изменен Eng.',8,1),(143,'2016-09-07 05:03:38','2','дипроксамин 157',2,'Изменен Eng.',8,1),(144,'2016-09-07 05:04:05','3','дипроксамин 157-65',2,'Изменен Eng.',8,1),(145,'2016-09-07 05:05:32','5','диэтаноламин м.б',2,'Изменен Eng.',8,1),(146,'2016-09-07 05:05:56','4','диэтаноламин чист.',2,'Изменен Eng.',8,1),(147,'2016-09-07 05:06:38','22','каустическая сода (гидроксид натрия)',2,'Изменен Eng.',8,1),(148,'2016-09-07 05:09:25','26','кокамидопропиламиноксид',2,'Изменен Eng.',8,1),(149,'2016-09-07 05:10:09','21','лауретсульфат натрия (сульфоэтоксилат)',2,'Изменен Eng.',8,1),(150,'2016-09-07 05:10:45','6','моноэтаноламин в/с',2,'Изменен Eng.',8,1),(151,'2016-09-07 05:12:19','25','нитрилотриуксусная кислота',2,'Изменен Eng.',8,1),(152,'2016-09-07 05:12:59','23','оксиэтилидендифосфоновая кислота (ОЭДФ)',2,'Изменен Eng.',8,1),(153,'2016-09-07 05:13:29','17','олеиновая кислота Б-115',2,'Изменен Eng.',8,1),(154,'2016-09-07 05:14:13','18','олеиновая кислота марки В',2,'Изменен Eng.',8,1),(155,'2016-09-07 05:14:49','28','пропиленгликоль',2,'Изменен Eng.',8,1),(156,'2016-09-07 05:15:28','16','стеариновая кислота',2,'Изменен Eng.',8,1),(157,'2016-09-07 05:16:08','27','теплоноситель',2,'Изменен Eng.',8,1),(158,'2016-09-07 05:16:34','24','тетранатриевая соль',2,'Изменен Eng.',8,1),(159,'2016-09-07 05:16:54','13','толуол',2,'Изменен Eng.',8,1),(160,'2016-09-07 05:17:23','7','триэтаноламин м.а',2,'Изменен Eng.',8,1),(161,'2016-09-07 05:17:47','8','триэтаноламин м.б',2,'Изменен Eng.',8,1),(162,'2016-09-07 05:18:17','11','этилацетат',2,'Изменен Eng.',8,1),(163,'2016-09-07 05:18:45','9','этиленгликоль в/с',2,'Изменен Eng.',8,1),(164,'2016-09-07 05:19:12','10','этилцеллозольв',2,'Изменен Eng.',8,1),(165,'2016-09-22 16:19:51','6','перевозка грузов (транспортировка)',2,'Изменен Name.',7,1),(166,'2016-09-23 05:46:04','1','Person',1,'Добавлено.',18,1),(167,'2016-09-23 05:46:20','2','Organization',1,'Добавлено.',18,1),(168,'2016-09-24 10:08:43','40','бочки металлические',2,'Изменен Name.',8,1),(169,'2016-09-25 09:04:55','9','Елена Хевел',1,'Добавлено.',10,1),(170,'2016-09-28 12:09:55','5','Оборудование по разделению бентола',1,'',NULL,1),(171,'2016-09-28 12:11:23','5','Оборудование по разделению Бентола (бензол-толуольная фракция) на ГОСТ бензол и толуол\".',1,'',NULL,1),(172,'2016-09-28 12:14:46','6','Нефтерастворимый деэмульгатор ARBREAK',1,'',NULL,1),(173,'2016-09-28 12:15:37','6','Продукция\r\nНефтерастворимый деэмульгатор ARBREAK 8381E, ARBREAK 8144E, ARBREAK 8191E\r\nИзготовлена в соответствии с документами\r\nДанными паспорта безопасности на продукцию, декларацией от фирмы-изготов',1,'',NULL,1),(174,'2016-09-28 12:16:18','7','arbreak характеристики',1,'',NULL,1),(175,'2016-09-28 12:17:10','7','Острая токсичность (пероральная ) LD50,мг/кг	более 3000 (3 класс)\r\nРаздражающее действие продукта:	\r\n- на кожные покровы	раздражение\r\n- на конъюнктиву глаза	раздражение\r\nСенсибилизирующее действие	отс',1,'',NULL,1),(176,'2016-09-28 12:22:20','7','arbreak гигиенические характеристики',2,'Изменен Name.',NULL,1),(177,'2016-09-28 14:32:32','8','Перевозка сжиженных газов',1,'',NULL,1),(178,'2016-09-28 14:40:48','8','Cжиженный газ очень легко воспламеняется и обладает взрывоопасными свойствами, так что при его транспортировке нужно позаботиться о безопасности и предусмотреть все возможные нештатные ситуации.\r\n\r\nЕм',1,'',NULL,1),(179,'2016-09-28 14:43:21','42','контейнером',2,'Изменен Description.',8,1),(180,'2016-09-28 14:51:51','43','ж/д вагонами',2,'Изменен Description.',8,1),(181,'2016-09-29 08:03:40','65','сумка полипропиленовая с прошивным дном с ручками',2,'Изменен Description.',8,1),(182,'2016-09-29 08:07:54','64','сумка полипропиленовая с прошивным дном и прорубными ручками',2,'Изменен Description.',8,1),(183,'2016-09-29 08:08:23','63','мешок полипропиленовый с прошивным дном',2,'Изменен Description.',8,1),(184,'2016-09-29 08:08:43','62','мешок полипропиленовый (коробчатое дно) с открытым верхом',2,'Изменен Description.',8,1),(185,'2016-09-29 08:09:01','61','мешок полипропиленовый с клапаном коробчатого типа',2,'Изменен Description.',8,1),(186,'2016-09-29 08:09:39','60','рукавная ткань',2,'Изменен Description.',8,1),(187,'2016-09-29 08:10:02','59','полотно полипропиленовое',2,'Изменен Description.',8,1),(188,'2016-09-29 08:10:40','58','нить полипропиленовая',2,'Изменен Description.',8,1),(189,'2016-09-29 08:11:28','57','теплоноситель для системы отопления',2,'Изменен Description.',8,1),(190,'2016-09-29 08:11:57','56','антифриз спорт G12++',2,'Изменен Description.',8,1),(191,'2016-09-29 08:12:50','55','антифриз красный G12',2,'Изменен Description.',8,1),(192,'2016-09-29 08:13:08','54','антифриз премиум G11 (зеленый)',2,'Изменен Description.',8,1),(193,'2016-09-29 08:13:34','53','антифриз стандарт G11 (синий)',2,'Изменен Description.',8,1),(194,'2016-09-29 08:14:58','52','фура (20 тн тент. )',2,'Изменен Description.',8,1),(195,'2016-09-29 08:15:27','51','волдай (5 тн)',2,'Изменен Description.',8,1),(196,'2016-09-29 08:15:51','50','газель (1,5-2 тн)',2,'Изменен Description.',8,1),(197,'2016-09-29 08:16:34','49','манипулятор',2,'Изменен Description.',8,1),(198,'2016-09-29 10:07:06','65','сумка полипропиленовая с прошивным дном с ручками',2,'Изменен Description.',8,1),(199,'2016-09-29 10:07:28','64','сумка полипропиленовая с прошивным дном и прорубными ручками',2,'Изменен Description.',8,1),(200,'2016-09-29 10:07:36','63','мешок полипропиленовый с прошивным дном',2,'Изменен Description.',8,1),(201,'2016-09-29 10:07:47','62','мешок полипропиленовый (коробчатое дно) с открытым верхом',2,'Изменен Description.',8,1),(202,'2016-09-29 10:07:58','61','мешок полипропиленовый с клапаном коробчатого типа',2,'Изменен Description.',8,1),(203,'2016-09-29 10:08:04','60','рукавная ткань',2,'Изменен Description.',8,1),(204,'2016-09-29 10:08:14','59','полотно полипропиленовое',2,'Изменен Description.',8,1),(205,'2016-09-29 10:08:26','58','нить полипропиленовая',2,'Изменен Description.',8,1),(206,'2016-09-29 10:08:35','57','теплоноситель для системы отопления',2,'Изменен Description.',8,1),(207,'2016-09-29 10:08:43','56','антифриз спорт G12++',2,'Изменен Description.',8,1),(208,'2016-09-29 10:08:50','55','антифриз красный G12',2,'Изменен Description.',8,1),(209,'2016-09-29 10:08:58','54','антифриз премиум G11 (зеленый)',2,'Изменен Description.',8,1),(210,'2016-09-29 10:09:06','53','антифриз стандарт G11 (синий)',2,'Изменен Description.',8,1),(211,'2016-09-29 10:09:13','52','фура (20 тн тент. )',2,'Изменен Description.',8,1),(212,'2016-09-29 10:09:21','51','волдай (5 тн)',2,'Изменен Description.',8,1),(213,'2016-09-29 10:09:29','50','газель (1,5-2 тн)',2,'Изменен Description.',8,1),(214,'2016-09-29 10:09:46','49','манипулятор',2,'Изменен Description.',8,1),(215,'2016-09-29 11:26:29','48','трактор-экскаватор',2,'Изменен Description.',8,1),(216,'2016-09-29 11:27:02','47','фронтальный погрузчик',2,'Изменен Description.',8,1),(217,'2016-09-29 11:32:30','45','разгрузочно-погрузочные работы',2,'Изменен Name и Description.',8,1),(218,'2016-09-29 11:33:40','46','вилочный погрузчик (1500 кг)',2,'Изменен Description.',8,1),(219,'2016-09-29 11:34:23','44','cклад временного хранения',2,'Изменен Description.',8,1),(220,'2016-09-29 11:35:56','43','ж/д вагонами',2,'Изменен Description.',8,1),(221,'2016-09-29 11:36:44','42','контейнером',2,'Изменен Description.',8,1),(222,'2016-09-29 11:42:40','41','кубовые емкости',2,'Изменен Description.',8,1),(223,'2016-09-29 11:44:42','40','бочки металлические',2,'Изменен Description.',8,1),(224,'2016-09-29 11:48:22','39','эмаль КО-525 200л.',2,'Изменен Description.',8,1),(225,'2016-09-29 11:48:56','39','эмаль КО-525 200л.',2,'Изменен Description.',8,1),(226,'2016-09-29 11:49:30','38','эмаль КО-525 50л.',2,'Изменен Description.',8,1),(227,'2016-09-29 11:49:36','37','эмаль КО-525 20-25л.',2,'Изменен Description.',8,1),(228,'2016-09-29 11:51:03','36','автошампунь (пена) 225кг',2,'Изменен Description.',8,1),(229,'2016-09-29 11:51:14','35','автошампунь (пена) 20кг',2,'Изменен Description.',8,1),(230,'2016-09-29 11:51:24','34','автошампунь (пена) 10кг',2,'Изменен Description.',8,1),(231,'2016-09-29 11:51:35','33','автошампунь (пена) 5кг',2,'Изменен Description.',8,1),(232,'2016-09-29 11:51:43','32','автошампунь (пена) 1кг',2,'Изменен Description.',8,1),(233,'2016-09-29 11:52:43','31','алкилбензолсульфокислота (АБСК)',2,'Изменен Description.',8,1),(234,'2016-09-29 11:53:18','30','вода дистиллированная',2,'Изменен Description.',8,1),(235,'2016-09-29 11:53:42','29','глицерин',2,'Изменен Description.',8,1),(236,'2016-09-29 11:55:42','1','Применение\r\n\r\nПродукт может найти применение в качестве растворителя в лакокрасочной промышленности, компонента моторных топлив, а также для выделения бензола и толуола.\r\n\r\nКомпоненты продукта имеют р',2,'Изменен Text.',NULL,1),(237,'2016-09-29 12:18:10','29','глицерин',2,'Изменен Description.',8,1),(238,'2016-09-29 12:18:35','28','пропиленгликоль',2,'Изменен Description.',8,1),(239,'2016-09-29 12:19:05','27','теплоноситель',2,'Изменен Description.',8,1),(240,'2016-09-29 12:19:23','27','теплоноситель',2,'Изменен Description.',8,1),(241,'2016-09-29 12:19:59','26','кокамидопропиламиноксид',2,'Изменен Description.',8,1),(242,'2016-09-29 12:34:46','25','нитрилотриуксусная кислота',2,'Изменен Description.',8,1),(243,'2016-09-29 12:35:31','24','тетранатриевая соль',2,'Изменен Description.',8,1),(244,'2016-09-29 12:36:23','23','оксиэтилидендифосфоновая кислота (ОЭДФ)',2,'Изменен Description.',8,1),(245,'2016-09-29 12:37:22','22','каустическая сода (гидроксид натрия)',2,'Изменен Description.',8,1),(246,'2016-09-29 12:38:18','21','лауретсульфат натрия (сульфоэтоксилат)',2,'Изменен Description.',8,1),(247,'2016-09-29 12:39:37','20','глицерин дистилированный марок д-98 и пк-94',2,'Изменен Description.',8,1),(248,'2016-09-29 12:41:03','19','дистилированные жирные кислоты соапстока',2,'Изменен Description.',8,1),(249,'2016-09-29 12:45:03','18','олеиновая кислота марки В',2,'Изменен Description.',8,1),(250,'2016-09-29 12:45:40','17','олеиновая кислота Б-115',2,'Изменен Description.',8,1),(251,'2016-09-29 12:46:10','16','стеариновая кислота',2,'Изменен Description.',8,1),(252,'2016-09-29 12:47:21','15','arbreak',2,'Изменен Description.',8,1),(253,'2016-09-29 12:48:05','14','бентол',2,'Изменен Description.',8,1),(254,'2016-09-29 12:48:33','13','толуол',2,'Изменен Description.',8,1),(255,'2016-09-29 12:50:12','12','ацетон технический',2,'Изменен Description.',8,1),(256,'2016-09-29 12:51:01','12','ацетон технический',2,'Изменен Description.',8,1),(257,'2016-09-29 12:51:53','11','этилацетат',2,'Изменен Description.',8,1),(258,'2016-09-29 12:52:38','10','этилцеллозольв',2,'Изменен Description.',8,1),(259,'2016-09-29 12:52:58','9','этиленгликоль в/с',2,'Изменен Description.',8,1),(260,'2016-09-29 12:53:12','10','этилцеллозольв',2,'Изменен Description.',8,1),(261,'2016-09-29 12:53:24','11','этилацетат',2,'Изменен Description.',8,1),(262,'2016-09-29 12:54:41','8','триэтаноламин м.б',2,'Изменен Description.',8,1),(263,'2016-09-29 12:55:27','7','триэтаноламин м.а',2,'Изменен Description.',8,1),(264,'2016-09-29 12:55:51','6','моноэтаноламин в/с',2,'Изменен Description.',8,1),(265,'2016-09-29 12:56:43','5','диэтаноламин м.б',2,'Изменен Description.',8,1),(266,'2016-09-29 12:57:17','4','диэтаноламин чист.',2,'Изменен Description.',8,1),(267,'2016-09-29 12:57:38','3','дипроксамин 157-65',2,'Изменен Description.',8,1),(268,'2016-09-29 12:58:04','2','дипроксамин 157',2,'Изменен Description.',8,1),(269,'2016-09-29 12:58:33','1','бутилцеллозольв',2,'Изменен Description.',8,1),(270,'2016-09-29 13:42:59','9','Нить полипропиленовая мультифиламентная',1,'',NULL,1),(271,'2016-09-29 13:48:39','9','Высокопрочные полипропиленовые мультифиламентные нити используются в качестве изготовления окантовочных лент, а также при производстве кантов, шнуров, лент, резинки, тесьмы, стропы (лента ременная) и ',1,'',NULL,1),(272,'2016-09-29 13:50:11','10','Нить полипропиленовая пленочная фибриллированная',1,'',NULL,1),(273,'2016-09-29 13:51:05','10','Полипропиленовая нить пленочная фибриллированная — это нить, изготовленная из полипропиленовой пленки путем продольного ее расщепления (фибриллизации). Производство полипропиленовой нити налажено из о',1,'',NULL,1),(274,'2016-09-29 14:32:32','10','Полипропиленовая нить пленочная фибриллированная — это нить, изготовленная из полипропиленовой пленки путем продольного ее расщепления (фибриллизации). Производство полипропиленовой нити налажено из о',2,'Изменен OwnerUrl.',NULL,1),(275,'2016-09-29 14:33:53','9','Высокопрочные полипропиленовые мультифиламентные нити используются в качестве изготовления окантовочных лент, а также при производстве кантов, шнуров, лент, резинки, тесьмы, стропы (лента ременная) и ',2,'Изменен OwnerUrl.',NULL,1),(276,'2016-09-29 14:40:54','8','Cжиженный газ очень легко воспламеняется и обладает взрывоопасными свойствами, так что при его транспортировке нужно позаботиться о безопасности и предусмотреть все возможные нештатные ситуации.\r\n\r\nЕм',2,'Изменен OwnerUrl.',NULL,1),(277,'2016-09-29 14:42:04','7','Острая токсичность (пероральная ) LD50,мг/кг	более 3000 (3 класс)\r\nРаздражающее действие продукта:	\r\n- на кожные покровы	раздражение\r\n- на конъюнктиву глаза	раздражение\r\nСенсибилизирующее действие	отс',2,'Изменен OwnerUrl.',NULL,1),(278,'2016-09-29 14:42:54','6','Продукция\r\nНефтерастворимый деэмульгатор ARBREAK 8381E, ARBREAK 8144E, ARBREAK 8191E\r\nИзготовлена в соответствии с документами\r\nДанными паспорта безопасности на продукцию, декларацией от фирмы-изготов',2,'Изменен OwnerUrl.',NULL,1),(279,'2016-09-29 14:43:48','4','Бентол используется как товарный продукт на коксохимических заводах для получения из него бензола и толуола, а этилбензол снова поступает на дегидрирование. \r\n\r\nБентол, легковоспламеняющаяся жидкость,',2,'Изменен OwnerUrl.',NULL,1),(280,'2016-09-29 14:44:34','5','Оборудование по разделению Бентола (бензол-толуольная фракция) на ГОСТ бензол и толуол\".',2,'Изменен OwnerUrl.',NULL,1),(281,'2016-09-29 14:48:01','3','Технические характеристики\r\n\r\nНаименование \r\nпоказателя\r\nНорма\r\n1 Внешний вид\r\nБесцветная или слабожелтая \r\nжидкость\r\n\r\n2 Плотность при 20 0С, г/см3\r\n\r\n0,867 – 0,873\r\n\r\n3 Массовая доля компонентов, %:',2,'Изменен OwnerUrl.',NULL,1),(282,'2016-09-29 14:48:55','2','Бензол-толуольная фракция (бентол) – высокооктановая ароматическая добавка к прямогонным бензинам.\r\nБентол – растворитель нефтяной ТУ 2458-001-98803446-2013 октановое число 103 единицы по моторному ме',2,'Изменен OwnerUrl.',NULL,1),(283,'2016-09-29 14:49:53','1','Применение\r\n\r\nПродукт может найти применение в качестве растворителя в лакокрасочной промышленности, компонента моторных топлив, а также для выделения бензола и толуола.\r\n\r\nКомпоненты продукта имеют р',2,'Изменен OwnerUrl.',NULL,1),(284,'2016-09-29 15:05:28','11','такелажные работы',1,'',NULL,1),(285,'2016-09-29 15:06:10','11','В отличие от обычных погрузочно-разгрузочных работ, такелажные услуги предполагают применение специальных приспособлений и механизмов. Традиционно такие работы применяются для погрузки или выгрузки кр',1,'',NULL,1),(286,'2016-09-29 15:08:17','12','стоимость погрузочно разгрузочных работ',1,'',NULL,1),(287,'2016-09-29 15:08:45','12','Погрузо-разгрузочные работы — это одна из динамично развивающихся услуг в нашей компании, качеству которой уделяется огромное внимание. В Благовещенске в данный момент рынок погрузо-разгрузочных работ',1,'',NULL,1),(288,'2016-09-29 15:10:11','12','Погрузо-разгрузочные работы — это одна из динамично развивающихся услуг в нашей компании, качеству которой уделяется огромное внимание. В данный момент рынок погрузо-разгрузочных работ представлен в б',2,'Изменен Text.',NULL,1),(289,'2016-09-29 15:12:13','13','ГОСТ',1,'',NULL,1),(290,'2016-09-29 15:12:44','13','ГОСТ 12.3.009-76 Работы погрузочно-разгрузочные. Общие требования безопасности\r\n\r\nГОСТ 12.3.009-76*\r\n(СТ СЭВ 3518-81)\r\n\r\nУДК 658.382.3:006.354 Группа Т58\r\n\r\nМЕЖГОСУДАРСТВЕННЫЙ СТАНДАРТ\r\n\r\nСистема стан',1,'',NULL,1),(291,'2016-09-29 15:13:19','13','ГОСТ Работы погрузочно-разгрузочные',2,'Изменен Name.',NULL,1),(292,'2016-09-29 15:15:22','14','расценки на погрузочно разгрузочные работы',1,'',NULL,1),(293,'2016-09-29 15:16:01','14','Разгрузочно-погрузочные работы – это одно из основных направлений компании. Мы предлагаем услуги грузчиков-такелажников. У нас можно заказать работы с применением механизированного (ручного) способа и',1,'',NULL,1),(294,'2016-09-29 15:17:31','15','погрузочно разгрузочные работы цена',1,'',NULL,1),(295,'2016-09-29 15:17:56','15','На множестве сайтов мувинговых компаний, предлагающих погрузочно-разгрузочные услуги, расписаны целые страницы прайс-листов и расценок, разобраться в которых довольно сложно. При телефонном разговоре ',1,'',NULL,1),(296,'2016-09-29 15:21:52','16','такелаж',1,'',NULL,1),(297,'2016-09-29 15:23:03','16','Такелаж\r\n[править | править вики-текст]Материал из Википедии — свободной энциклопедии\r\n\r\nКорабль 1 ранга: схема такелажа, 1771\r\nТакела́ж (нидерл. takelage (от takel — оснастка)) — общее название всех ',1,'',NULL,1),(298,'2016-09-29 15:31:02','17','тарифы на погрузочно разгрузочные работы',1,'',NULL,1),(299,'2016-09-29 15:31:45','17','Погрузочно-разгрузочные работы включают в себя операции:\r\n\r\nперемещения груза от исходного местоположения до транспортного средства;\r\nподъема груза на транспортное средство;\r\nспуска груза с транспортн',1,'',NULL,1),(300,'2016-09-29 15:32:27','17','Погрузочно-разгрузочные работы включают в себя операции:\r\n\r\nперемещения груза от исходного местоположения до транспортного средства;\r\nподъема груза на транспортное средство;\r\nспуска груза с транспортн',2,'Изменен Text.',NULL,1),(301,'2016-09-29 15:34:41','18','такелажные услуги',1,'',NULL,1),(302,'2016-09-29 15:35:09','18','Такелажные работы – это особенный вариант грузо-погрузочных работ, который связан с перевозом разнообразных тяжестей, аппаратуры и приборов с использованием специфических снаряжений. Фактически все су',1,'',NULL,1),(303,'2016-09-29 15:39:15','19','техника безопасности при погрузочно разгрузочных работах',1,'',NULL,1),(304,'2016-09-29 15:40:05','19','Погрузочно-разгрузочные работы следует выполнять механизированным способом при помощи подъемно-транспортного оборудования и средств малой механизации. Поднимать и перемещать грузы вручную необходимо п',1,'',NULL,1),(305,'2016-09-29 15:49:37','20','грузчики',1,'',NULL,1),(306,'2016-09-29 15:51:10','20','Гру́зчик — это профессия, в которой используется преимущественно только мускульная физическая сила человека для выполнения простых рабочих операций: погрузки, выгрузки, кантования, перекатывания и под',1,'',NULL,1),(307,'2016-09-29 15:52:30','21','организация погрузочно разгрузочных работ на складе',1,'',NULL,1),(308,'2016-09-29 15:53:39','21','На различных участках склада выполняются определенные логистические операции. Так, на участке разгрузки осуществляется механизированная и ручная разгрузка товаров из транспортных средств, в приемочной',1,'',NULL,1),(309,'2016-09-29 16:00:54','22','средство для подъема груза',1,'',NULL,1),(310,'2016-09-29 16:02:42','22','При такелажных работах (погрузке, разгрузке, горизонтальном перемещении и подъеме) широко применяют канаты и стропы, которые могут быть пеньковые и стальные проволочные (тросы). Пеньковые канаты испол',1,'',NULL,1),(311,'2016-09-29 16:04:45','22','При такелажных работах (погрузке, разгрузке, горизонтальном перемещении и подъеме) широко применяют канаты и стропы, которые могут быть пеньковые и стальные проволочные (тросы). Пеньковые канаты испол',2,'Изменен Text.',NULL,1),(312,'2016-09-29 16:06:50','23','складские работы',1,'',NULL,1),(313,'2016-09-29 16:07:09','23','Складские работы - это широкий спектр работ, необходимых для эффективного контроля, перемещения, хранения, продажи и покупки товаров, находящихся на базах, складах, в крупных торговых точках Заказчика',1,'',NULL,1),(314,'2016-09-29 16:07:19','23','Складские работы - это широкий спектр работ, необходимых для эффективного контроля, перемещения, хранения, продажи и покупки товаров, находящихся на базах, складах, в крупных торговых точках Заказчика',2,'Изменен OwnerUrl.',NULL,1),(315,'2016-09-29 16:08:00','23','Складские работы - это широкий спектр работ, необходимых для эффективного контроля, перемещения, хранения, продажи и покупки товаров, находящихся на базах, складах, в крупных торговых точках Заказчика',2,'Изменен Text.',NULL,1),(316,'2016-09-29 16:08:48','23','Складские работы - это широкий спектр работ, необходимых для эффективного контроля, перемещения, хранения, продажи и покупки товаров, находящихся на базах, складах, в крупных торговых точках Заказчика',2,'Изменен Text.',NULL,1),(317,'2016-09-29 16:31:41','24','вынос мусора',1,'',NULL,1),(318,'2016-09-29 16:33:08','24','Наша компания организует вынос бытового и строительного мусора с транспортировкой и утилизацией в соответствующих пунктах.',1,'',NULL,1),(319,'2016-09-30 17:11:09','65','сумка полипропиленовая с прошивным дном с ручками',2,'Изменен Description.',8,1),(320,'2016-09-30 17:11:20','64','сумка полипропиленовая с прошивным дном и прорубными ручками',2,'Изменен Description.',8,1),(321,'2016-09-30 17:11:26','63','мешок полипропиленовый с прошивным дном',2,'Изменен Description.',8,1),(322,'2016-09-30 17:11:35','62','мешок полипропиленовый (коробчатое дно) с открытым верхом',2,'Изменен Description.',8,1),(323,'2016-09-30 17:11:49','61','мешок полипропиленовый с клапаном коробчатого типа',2,'Изменен Description.',8,1),(324,'2016-09-30 17:11:58','60','рукавная ткань',2,'Изменен Description.',8,1),(325,'2016-09-30 17:12:08','59','полотно полипропиленовое',2,'Изменен Description.',8,1),(326,'2016-09-30 17:12:17','58','нить полипропиленовая',2,'Изменен Description.',8,1),(327,'2016-09-30 17:12:54','42','контейнером',2,'Изменен Description.',8,1),(328,'2016-09-30 17:13:37','43','ж/д вагонами',2,'Изменен Description.',8,1),(329,'2016-09-30 17:13:56','41','кубовые емкости',2,'Изменен Description.',8,1),(330,'2016-09-30 17:14:23','39','эмаль КО-525 200л.',2,'Изменен Description.',8,1),(331,'2016-09-30 17:14:32','38','эмаль КО-525 50л.',2,'Изменен Description.',8,1),(332,'2016-09-30 17:14:47','37','эмаль КО-525 20-25л.',2,'Изменен Description.',8,1),(333,'2016-09-30 17:15:04','36','автошампунь (пена) 225кг',2,'Изменен Description.',8,1),(334,'2016-09-30 17:15:16','35','автошампунь (пена) 20кг',2,'Изменен Description.',8,1),(335,'2016-09-30 17:15:27','34','автошампунь (пена) 10кг',2,'Изменен Description.',8,1),(336,'2016-09-30 17:15:44','33','автошампунь (пена) 5кг',2,'Изменен Description.',8,1),(337,'2016-09-30 17:15:54','32','автошампунь (пена) 1кг',2,'Изменен Description.',8,1),(338,'2016-09-30 17:16:08','31','алкилбензолсульфокислота (АБСК)',2,'Изменен Description.',8,1),(339,'2016-09-30 17:16:25','30','вода дистиллированная',2,'Изменен Description.',8,1),(340,'2016-09-30 17:16:38','29','глицерин',2,'Изменен Description.',8,1),(341,'2016-09-30 17:16:46','28','пропиленгликоль',2,'Изменен Description.',8,1),(342,'2016-09-30 17:16:56','27','теплоноситель',2,'Изменен Description.',8,1),(343,'2016-09-30 17:17:07','26','кокамидопропиламиноксид',2,'Изменен Description.',8,1),(344,'2016-09-30 17:17:15','25','нитрилотриуксусная кислота',2,'Изменен Description.',8,1),(345,'2016-09-30 17:17:27','24','тетранатриевая соль',2,'Изменен Description.',8,1),(346,'2016-09-30 17:17:39','23','оксиэтилидендифосфоновая кислота (ОЭДФ)',2,'Изменен Description.',8,1),(347,'2016-09-30 17:17:49','22','каустическая сода (гидроксид натрия)',2,'Изменен Description.',8,1),(348,'2016-09-30 17:18:04','21','лауретсульфат натрия (сульфоэтоксилат)',2,'Изменен Description.',8,1),(349,'2016-09-30 17:18:15','20','глицерин дистилированный марок д-98 и пк-94',2,'Изменен Description.',8,1),(350,'2016-09-30 17:18:25','19','дистилированные жирные кислоты соапстока',2,'Изменен Description.',8,1),(351,'2016-09-30 17:18:37','18','олеиновая кислота марки В',2,'Изменен Description.',8,1),(352,'2016-09-30 17:18:46','16','стеариновая кислота',2,'Изменен Description.',8,1),(353,'2016-09-30 17:18:56','15','arbreak',2,'Изменен Description.',8,1),(354,'2016-09-30 17:19:08','14','бентол',2,'Изменен Description.',8,1),(355,'2016-09-30 17:19:18','13','толуол',2,'Изменен Description.',8,1),(356,'2016-09-30 17:19:32','12','ацетон технический',2,'Изменен Description.',8,1),(357,'2016-09-30 17:19:43','11','этилацетат',2,'Изменен Description.',8,1),(358,'2016-09-30 17:19:51','10','этилцеллозольв',2,'Изменен Description.',8,1),(359,'2016-09-30 17:20:00','9','этиленгликоль в/с',2,'Изменен Description.',8,1),(360,'2016-09-30 17:20:12','8','триэтаноламин м.б',2,'Изменен Description.',8,1),(361,'2016-09-30 17:20:24','7','триэтаноламин м.а',2,'Изменен Description.',8,1),(362,'2016-09-30 17:20:35','6','моноэтаноламин в/с',2,'Изменен Description.',8,1),(363,'2016-09-30 17:20:44','5','диэтаноламин м.б',2,'Изменен Description.',8,1),(364,'2016-09-30 17:20:58','4','диэтаноламин чист.',2,'Изменен Description.',8,1),(365,'2016-09-30 17:21:09','3','дипроксамин 157-65',2,'Изменен Description.',8,1),(366,'2016-09-30 17:21:16','2','дипроксамин 157',2,'Изменен Description.',8,1),(367,'2016-09-30 17:21:30','1','бутилцеллозольв',2,'Изменен Description.',8,1),(368,'2016-10-01 17:53:49','25','Евроксид СРО (Cocamidopropyl Aminoxide)',1,'',NULL,1),(369,'2016-10-01 17:54:22','25','Высокоактивный компонент, не содержащий консервантов. Прозрачный гель амфотерного типа, содержание активного вещества - 36-38%, рH 4,5 - 5,0. Мягкое со-ПАВ в смеси с анионными ПАВ и диэтаноламидами.',1,'',NULL,1),(370,'2016-10-01 17:56:28','26','Пенообразователь',1,'',NULL,1),(371,'2016-10-01 17:58:22','26','Пенообразова́тели — вещества, участвующие в процессе вспенивания. Существуют натуральные и синтетические пенообразователи.\r\n\r\nПищевые пенообразователи\r\nПрименяются в производстве, например, халвы, доб',1,'',NULL,1),(372,'2016-10-02 14:36:48','27','бензолсульфокислоты',1,'',NULL,1),(373,'2016-10-02 14:37:45','27','БЕНЗОЛСУЛЬФОКИСЛОТЫ C6H6_n(SO3H)n, бесцветные, очень гигроскопичные и расплывающиеся на воздухе кристаллы; раств. в воде, спиртах, ацетоне, плохо - в бензоле, не раств. в гексане. Большинство из них н',1,'',NULL,1),(374,'2016-10-02 14:39:20','28','абск',1,'',NULL,1),(375,'2016-10-02 14:40:35','28','Алкилбензолсульфокислота — ценный продукт органической химии. Получается сульфированием линейного алкилбензола и используется для получения алкилбензолсульфонатов — компонентов моющих средств, ПАВ для',1,'',NULL,1),(376,'2016-10-02 14:46:30','29','состав моющего средства фейри',1,'',NULL,1),(377,'2016-10-02 14:48:52','29','Fairy (англ. Fairy — фея) — средство для мытья посуды, производимое компанией Procter & Gamble и продающееся под данным названием в большинстве стран Европы (в Швеции под названием YES) и под название',1,'',NULL,1),(378,'2016-10-03 19:09:35','30','Бутилгликоль',1,'',NULL,1),(379,'2016-10-03 19:10:49','30','Бутилгликоль (2-бутоксиэтанол, бутилцеллозольв, монобутиловый эфир этиленгликоля, бутилэфир) — химическое соединение с формулой C6H14O2, является гликолевым эфиром.\r\nШироко используется в качестве рас',1,'',NULL,1),(380,'2016-10-04 10:10:37','31','Нетканые текстильные материалы',1,'',NULL,1),(381,'2016-10-04 10:13:51','31','Нетканые текстильные материалы — материалы из волокон или нитей, соединённых между собой без применения методов ткачества.\r\n\r\nИстория развития отрасли нетканых материалов \r\nНачалом эпохи нетканых мате',1,'',NULL,1),(382,'2016-10-04 10:17:39','32','Этиленгликоль как пластификатор',1,'',NULL,1),(383,'2016-10-04 10:19:37','32','    Этиленгликоль широко применяется как в качестве анти- фриза, так и для изготовления сложных эфиров, неорганических и органических кислот. Известно, что динитрат этиленгли-коля является важным взры',1,'',NULL,1),(384,'2016-10-04 19:09:19','33','Мешки коробчатые',1,'',NULL,1),(385,'2016-10-04 19:10:03','33','Основные характеристики мешков коробчатых:\r\n\r\n1. Форма, конструкция и внешний вид\r\n\r\nПрямоугольное дно придает мешку форму кирпича (коробкообразная форма), что делает мешок коробчатый пригодным и удоб',1,'',NULL,1),(386,'2016-10-06 13:24:19','39','эмаль КО-525 200л.',2,'Изменен Description.',8,1),(387,'2016-10-06 13:24:43','38','эмаль КО-525 50л.',2,'Изменен Description.',8,1),(388,'2016-10-06 13:25:06','37','эмаль КО-525 20-25л.',2,'Изменен Description.',8,1),(389,'2016-10-07 08:50:03','34','диэтаноламин получение',1,'',NULL,1),(390,'2016-10-07 08:52:26','34','Диэтаноламин — органическое соединение, представитель класса аминоспиртов, густая маслянистая жидкость, смешивается с водой во всех отношениях, обладает сильными основными свойствами.\r\nПолучение.Диэта',1,'',NULL,1),(391,'2016-10-07 08:53:35','35','диэтаноламин применение',1,'',NULL,1),(392,'2016-10-07 08:54:14','35','Применение[править | править вики-текст]\r\nПрименяются в технике в качестве эмульгатора и поверхностно-активного вещества, а также в различных процессах газоочистки, в том числе для извлечения углекисл',1,'',NULL,1),(393,'2016-10-07 08:56:46','36','диэтаноламин формула',1,'',NULL,1),(394,'2016-10-07 08:57:44','36','диэтаноламин характеристики',2,'Изменен Name.',NULL,1),(395,'2016-10-07 08:59:04','36','Диэтаноламин\r\n\r\nОбщие\r\nСистематическое\r\nнаименование	\r\nДиэтаноламин\r\nСокращения	ДЭА\r\nХим. формула	(HOCH2CH2)2NH\r\nФизические свойства\r\nМолярная масса	105,14 г/моль\r\nПлотность	1,0966 г/см³\r\nДинамическая',1,'',NULL,1),(396,'2016-10-07 09:00:12','35','Применение\r\nПрименяются в технике в качестве эмульгатора и поверхностно-активного вещества, а также в различных процессах газоочистки, в том числе для извлечения углекислого газа из топочных газов при',2,'Изменен Text.',NULL,1),(397,'2016-10-08 10:21:12','65','сумка полипропиленовая с прошивным дном с ручками',2,'Изменен DeliveryInRegion и CanLoadUnload.',8,1),(398,'2016-10-08 10:21:22','64','сумка полипропиленовая с прошивным дном и прорубными ручками',2,'Изменен DeliveryInRegion и CanLoadUnload.',8,1),(399,'2016-10-08 10:21:32','63','мешок полипропиленовый с прошивным дном',2,'Изменен DeliveryInRegion и CanLoadUnload.',8,1),(400,'2016-10-08 10:21:45','62','мешок полипропиленовый (коробчатое дно) с открытым верхом',2,'Изменен DeliveryInRegion и CanLoadUnload.',8,1),(401,'2016-10-08 10:21:52','61','мешок полипропиленовый с клапаном коробчатого типа',2,'Изменен DeliveryInRegion и CanLoadUnload.',8,1),(402,'2016-10-08 10:22:15','60','рукавная ткань',2,'Изменен DeliveryInRegion и CanLoadUnload.',8,1),(403,'2016-10-08 10:25:17','59','полотно полипропиленовое',2,'Изменен DeliveryInRegion и CanLoadUnload.',8,1),(404,'2016-10-08 10:25:41','58','нить полипропиленовая',2,'Изменен DeliveryInRegion и CanLoadUnload.',8,1),(405,'2016-10-08 10:26:09','57','теплоноситель для системы отопления',2,'Изменен CanBuyInCubes, DeliveryInRegion и CanLoadUnload.',8,1),(406,'2016-10-08 10:26:28','56','антифриз спорт G12++',2,'Изменен CanBuyInCubes, DeliveryInRegion и CanLoadUnload.',8,1),(407,'2016-10-08 10:26:58','55','антифриз красный G12',2,'Изменен CanBuyInCubes, DeliveryInRegion и CanLoadUnload.',8,1),(408,'2016-10-08 10:27:07','54','антифриз премиум G11 (зеленый)',2,'Изменен CanBuyInCubes, DeliveryInRegion и CanLoadUnload.',8,1),(409,'2016-10-08 10:27:19','53','антифриз стандарт G11 (синий)',2,'Изменен CanBuyInCubes, DeliveryInRegion и CanLoadUnload.',8,1),(410,'2016-10-08 10:29:42','41','кубовые емкости',2,'Изменен DeliveryInRegion и CanLoadUnload.',8,1),(411,'2016-10-08 10:30:17','40','бочки металлические',2,'Изменен DeliveryInRegion и CanLoadUnload.',8,1),(412,'2016-10-08 10:30:37','39','эмаль КО-525 200л.',2,'Изменен CanBuyInCubes, DeliveryInRegion и CanLoadUnload.',8,1),(413,'2016-10-08 10:30:52','38','эмаль КО-525 50л.',2,'Изменен CanBuyInCubes, DeliveryInRegion и CanLoadUnload.',8,1),(414,'2016-10-08 10:31:03','37','эмаль КО-525 20-25л.',2,'Изменен CanBuyInCubes, DeliveryInRegion и CanLoadUnload.',8,1),(415,'2016-10-08 10:36:46','36','автошампунь (пена) 225кг',2,'Изменен CanBuyInCubes, DeliveryInRegion и CanLoadUnload.',8,1),(416,'2016-10-08 10:37:02','35','автошампунь (пена) 20кг',2,'Изменен CanBuyInCubes, DeliveryInRegion и CanLoadUnload.',8,1),(417,'2016-10-08 10:37:22','34','автошампунь (пена) 10кг',2,'Изменен CanBuyInCubes, DeliveryInRegion и CanLoadUnload.',8,1),(418,'2016-10-08 10:37:43','33','автошампунь (пена) 5кг',2,'Изменен CanBuyInCubes, DeliveryInRegion и CanLoadUnload.',8,1),(419,'2016-10-08 10:37:59','32','автошампунь (пена) 1кг',2,'Изменен CanBuyInCubes, DeliveryInRegion и CanLoadUnload.',8,1),(420,'2016-10-08 10:38:15','31','алкилбензолсульфокислота (АБСК)',2,'Изменен CanBuyInCubes, DeliveryInRegion и CanLoadUnload.',8,1),(421,'2016-10-08 10:38:32','30','вода дистиллированная',2,'Изменен CanBuyInCubes, DeliveryInRegion и CanLoadUnload.',8,1),(422,'2016-10-08 10:38:53','29','глицерин',2,'Изменен CanBuyInCubes, DeliveryInRegion и CanLoadUnload.',8,1),(423,'2016-10-08 10:39:12','28','пропиленгликоль',2,'Изменен CanBuyInCubes, DeliveryInRegion и CanLoadUnload.',8,1),(424,'2016-10-08 10:39:39','27','теплоноситель',2,'Изменен CanBuyInCubes, DeliveryInRegion и CanLoadUnload.',8,1),(425,'2016-10-08 10:40:14','26','кокамидопропиламиноксид',2,'Изменен CanBuyInCubes, DeliveryInRegion и CanLoadUnload.',8,1),(426,'2016-10-08 10:40:34','25','нитрилотриуксусная кислота',2,'Изменен CanBuyInCubes, DeliveryInRegion и CanLoadUnload.',8,1),(427,'2016-10-08 10:41:12','24','тетранатриевая соль',2,'Изменен CanBuyInCubes, DeliveryInRegion и CanLoadUnload.',8,1),(428,'2016-10-08 10:41:32','23','оксиэтилидендифосфоновая кислота (ОЭДФ)',2,'Изменен CanBuyInCubes, DeliveryInRegion и CanLoadUnload.',8,1),(429,'2016-10-08 10:41:58','22','каустическая сода (гидроксид натрия)',2,'Изменен CanBuyInCubes, DeliveryInRegion и CanLoadUnload.',8,1),(430,'2016-10-08 10:42:16','21','лауретсульфат натрия (сульфоэтоксилат)',2,'Изменен CanBuyInCubes, DeliveryInRegion и CanLoadUnload.',8,1),(431,'2016-10-08 10:42:38','20','глицерин дистилированный марок д-98 и пк-94',2,'Изменен CanBuyInCubes, DeliveryInRegion и CanLoadUnload.',8,1),(432,'2016-10-08 10:43:16','19','дистилированные жирные кислоты соапстока',2,'Изменен CanBuyInCubes, DeliveryInRegion и CanLoadUnload.',8,1),(433,'2016-10-08 10:43:46','18','олеиновая кислота марки В',2,'Изменен CanBuyInCubes, DeliveryInRegion и CanLoadUnload.',8,1),(434,'2016-10-08 10:44:04','17','олеиновая кислота Б-115',2,'Изменен CanBuyInCubes, DeliveryInRegion и CanLoadUnload.',8,1),(435,'2016-10-08 12:24:11','16','стеариновая кислота',2,'Изменен CanBuyInCubes, DeliveryInRegion и CanLoadUnload.',8,1),(436,'2016-10-08 12:24:46','15','arbreak',2,'Изменен CanBuyInCubes, DeliveryInRegion и CanLoadUnload.',8,1),(437,'2016-10-08 12:24:56','14','бентол',2,'Изменен CanBuyInCubes, DeliveryInRegion и CanLoadUnload.',8,1),(438,'2016-10-08 12:25:13','13','толуол',2,'Изменен CanBuyInCubes, DeliveryInRegion и CanLoadUnload.',8,1),(439,'2016-10-08 12:25:37','12','ацетон технический',2,'Изменен CanBuyInCubes, DeliveryInRegion и CanLoadUnload.',8,1),(440,'2016-10-08 12:25:48','11','этилацетат',2,'Изменен CanBuyInCubes, DeliveryInRegion и CanLoadUnload.',8,1),(441,'2016-10-08 12:26:10','10','этилцеллозольв',2,'Изменен CanBuyInCubes, DeliveryInRegion и CanLoadUnload.',8,1),(442,'2016-10-08 12:26:22','9','этиленгликоль в/с',2,'Изменен CanBuyInCubes, DeliveryInRegion и CanLoadUnload.',8,1),(443,'2016-10-08 12:26:34','8','триэтаноламин м.б',2,'Изменен CanBuyInCubes, DeliveryInRegion и CanLoadUnload.',8,1),(444,'2016-10-08 12:26:46','7','триэтаноламин м.а',2,'Изменен CanBuyInCubes, DeliveryInRegion и CanLoadUnload.',8,1),(445,'2016-10-08 12:26:56','6','моноэтаноламин в/с',2,'Изменен CanBuyInCubes, DeliveryInRegion и CanLoadUnload.',8,1),(446,'2016-10-08 12:27:08','5','диэтаноламин м.б',2,'Изменен CanBuyInCubes, DeliveryInRegion и CanLoadUnload.',8,1),(447,'2016-10-08 12:27:22','4','диэтаноламин чист.',2,'Изменен CanBuyInCubes, DeliveryInRegion и CanLoadUnload.',8,1),(448,'2016-10-08 12:27:34','3','дипроксамин 157-65',2,'Изменен CanBuyInCubes, DeliveryInRegion и CanLoadUnload.',8,1),(449,'2016-10-08 12:27:51','2','дипроксамин 157',2,'Изменен CanBuyInCubes, DeliveryInRegion и CanLoadUnload.',8,1),(450,'2016-10-08 12:28:03','1','бутилцеллозольв',2,'Изменен CanBuyInCubes, DeliveryInRegion и CanLoadUnload.',8,1);
/*!40000 ALTER TABLE `django_admin_log` ENABLE KEYS */;
UNLOCK TABLES;

--
-- Table structure for table `django_content_type`
--

DROP TABLE IF EXISTS `django_content_type`;
/*!40101 SET @saved_cs_client     = @@character_set_client */;
/*!40101 SET character_set_client = utf8 */;
CREATE TABLE `django_content_type` (
  `id` int(11) NOT NULL AUTO_INCREMENT,
  `app_label` varchar(100) COLLATE utf8_unicode_ci NOT NULL,
  `model` varchar(100) COLLATE utf8_unicode_ci NOT NULL,
  PRIMARY KEY (`id`),
  UNIQUE KEY `django_content_type_app_label_76bd3d3b_uniq` (`app_label`,`model`)
) ENGINE=InnoDB AUTO_INCREMENT=26 DEFAULT CHARSET=utf8 COLLATE=utf8_unicode_ci;
/*!40101 SET character_set_client = @saved_cs_client */;

--
-- Dumping data for table `django_content_type`
--

LOCK TABLES `django_content_type` WRITE;
/*!40000 ALTER TABLE `django_content_type` DISABLE KEYS */;
INSERT INTO `django_content_type` VALUES (1,'admin','logentry'),(3,'auth','group'),(2,'auth','permission'),(4,'auth','user'),(5,'contenttypes','contenttype'),(25,'mainapp','article'),(18,'mainapp','customer'),(21,'mainapp','customergetintouch'),(19,'mainapp','customerorder'),(20,'mainapp','customertransportorder'),(10,'mainapp','getintouch'),(24,'mainapp','keyword'),(9,'mainapp','order'),(12,'mainapp','ordermoderated'),(15,'mainapp','ordermoderatedgetintouch'),(14,'mainapp','ordermoderatedorder'),(17,'mainapp','ordermoderatedparagraph'),(13,'mainapp','ordermoderatedtransportorder'),(16,'mainapp','ordermoderatedunit'),(7,'mainapp','paragraph'),(11,'mainapp','transportorder'),(8,'mainapp','unit'),(6,'sessions','session');
/*!40000 ALTER TABLE `django_content_type` ENABLE KEYS */;
UNLOCK TABLES;

--
-- Table structure for table `django_migrations`
--

DROP TABLE IF EXISTS `django_migrations`;
/*!40101 SET @saved_cs_client     = @@character_set_client */;
/*!40101 SET character_set_client = utf8 */;
CREATE TABLE `django_migrations` (
  `id` int(11) NOT NULL AUTO_INCREMENT,
  `app` varchar(255) COLLATE utf8_unicode_ci NOT NULL,
  `name` varchar(255) COLLATE utf8_unicode_ci NOT NULL,
  `applied` datetime NOT NULL,
  PRIMARY KEY (`id`)
) ENGINE=InnoDB AUTO_INCREMENT=55 DEFAULT CHARSET=utf8 COLLATE=utf8_unicode_ci;
/*!40101 SET character_set_client = @saved_cs_client */;

--
-- Dumping data for table `django_migrations`
--

LOCK TABLES `django_migrations` WRITE;
/*!40000 ALTER TABLE `django_migrations` DISABLE KEYS */;
INSERT INTO `django_migrations` VALUES (1,'contenttypes','0001_initial','2016-07-30 12:59:58'),(2,'auth','0001_initial','2016-07-30 13:00:02'),(3,'admin','0001_initial','2016-07-30 13:00:03'),(4,'admin','0002_logentry_remove_auto_add','2016-07-30 13:00:03'),(5,'contenttypes','0002_remove_content_type_name','2016-07-30 13:00:04'),(6,'auth','0002_alter_permission_name_max_length','2016-07-30 13:00:04'),(7,'auth','0003_alter_user_email_max_length','2016-07-30 13:00:04'),(8,'auth','0004_alter_user_username_opts','2016-07-30 13:00:04'),(9,'auth','0005_alter_user_last_login_null','2016-07-30 13:00:05'),(10,'auth','0006_require_contenttypes_0002','2016-07-30 13:00:05'),(11,'auth','0007_alter_validators_add_error_messages','2016-07-30 13:00:05'),(12,'sessions','0001_initial','2016-07-30 13:00:05'),(13,'mainapp','0001_initial','2016-07-30 15:10:02'),(14,'mainapp','0002_unit_image','2016-07-31 12:29:48'),(15,'mainapp','0003_auto_20160731_1531','2016-07-31 12:31:37'),(16,'mainapp','0004_paragraph_large','2016-08-09 09:31:33'),(17,'mainapp','0005_paragraph_no','2016-08-09 10:08:17'),(18,'mainapp','0006_paragraph_alignleft','2016-08-09 11:54:13'),(19,'mainapp','0007_order','2016-08-13 06:58:48'),(20,'mainapp','0008_auto_20160813_1005','2016-08-13 07:06:06'),(21,'mainapp','0009_paragraph_alphabetorder','2016-08-21 10:35:59'),(22,'mainapp','0010_getintouch','2016-08-27 12:24:12'),(23,'mainapp','0011_paragraph_transportflag','2016-08-27 13:31:10'),(24,'mainapp','0012_transportorder','2016-08-27 14:29:11'),(25,'mainapp','0013_transportorder_volume','2016-08-27 14:45:20'),(26,'mainapp','0014_unit_eng','2016-09-07 04:38:34'),(27,'mainapp','0015_ordermoderated_ordermoderatedgetintouch_ordermoderatedorder_ordermoderatedparagraph_ordermoderatedtr','2016-09-22 14:08:56'),(28,'mainapp','0016_customer','2016-09-23 05:43:17'),(29,'mainapp','0017_auto_20160923_0935','2016-09-23 06:35:25'),(30,'mainapp','0018_auto_20160923_1036','2016-09-23 07:37:01'),(31,'mainapp','0019_auto_20160923_1101','2016-09-23 08:01:39'),(32,'mainapp','0020_auto_20160923_1555','2016-09-23 12:56:00'),(33,'mainapp','0021_auto_20160924_1237','2016-09-24 09:37:58'),(34,'mainapp','0022_transportorder_text','2016-09-24 10:18:30'),(35,'mainapp','0023_auto_20160924_1322','2016-09-24 10:22:40'),(36,'mainapp','0024_auto_20160924_1410','2016-09-24 11:10:28'),(37,'mainapp','0025_auto_20160924_1452','2016-09-24 11:52:18'),(38,'mainapp','0026_customergetintouch','2016-09-24 12:34:34'),(39,'mainapp','0027_auto_20160924_1537','2016-09-24 12:37:47'),(40,'mainapp','0028_getintouch_quantity','2016-09-24 13:09:03'),(41,'mainapp','0029_getintouch_unit','2016-09-24 13:32:32'),(42,'mainapp','0030_auto_20160926_1645','2016-10-08 09:48:21'),(43,'mainapp','0031_auto_20160926_1703','2016-10-08 09:48:22'),(44,'mainapp','0032_article_ownerurl','2016-10-08 09:48:22'),(45,'mainapp','0033_paragraph_hexcolor','2016-10-08 09:48:23'),(46,'mainapp','0034_remove_paragraph_hexcolor','2016-10-08 09:48:23'),(47,'mainapp','0035_auto_20161008_1236','2016-10-08 09:48:25'),(48,'mainapp','0036_auto_20161008_1240','2016-10-08 09:48:26'),(49,'mainapp','0037_auto_20161008_1242','2016-10-08 09:48:28'),(50,'mainapp','0038_auto_20161008_1244','2016-10-08 09:48:29'),(51,'mainapp','0039_auto_20161008_1247','2016-10-08 09:48:31'),(52,'mainapp','0040_auto_20161008_1249','2016-10-08 09:49:48'),(53,'mainapp','0041_auto_20161008_1306','2016-10-08 10:06:42'),(54,'mainapp','0042_auto_20161008_1312','2016-10-08 10:12:33');
/*!40000 ALTER TABLE `django_migrations` ENABLE KEYS */;
UNLOCK TABLES;

--
-- Table structure for table `django_session`
--

DROP TABLE IF EXISTS `django_session`;
/*!40101 SET @saved_cs_client     = @@character_set_client */;
/*!40101 SET character_set_client = utf8 */;
CREATE TABLE `django_session` (
  `session_key` varchar(40) COLLATE utf8_unicode_ci NOT NULL,
  `session_data` longtext COLLATE utf8_unicode_ci NOT NULL,
  `expire_date` datetime NOT NULL,
  PRIMARY KEY (`session_key`),
  KEY `django_session_de54fa62` (`expire_date`)
) ENGINE=InnoDB DEFAULT CHARSET=utf8 COLLATE=utf8_unicode_ci;
/*!40101 SET character_set_client = @saved_cs_client */;

--
-- Dumping data for table `django_session`
--

LOCK TABLES `django_session` WRITE;
/*!40000 ALTER TABLE `django_session` DISABLE KEYS */;
INSERT INTO `django_session` VALUES ('25oimlou00xuzhrj3bbgad5r91ttk62c','YzE2ZDhiNjk0YWQzNDhmYWFiMzFjNTc2OTNkZGQ5MDc5YjMxYzNjZDp7Il9hdXRoX3VzZXJfYmFja2VuZCI6ImRqYW5nby5jb250cmliLmF1dGguYmFja2VuZHMuTW9kZWxCYWNrZW5kIiwiX2F1dGhfdXNlcl9oYXNoIjoiYzhkNTc4NzlmNTQ0MDQzOTE2MDlkZDk0ZDk0MTM4OWZjZjIwNmJjNyIsIl9hdXRoX3VzZXJfaWQiOiIxIn0=','2016-10-21 09:00:12'),('2sabjiabmmn9ktwc82pzmtvj0915vm1t','NTNiMGZmYmFlYjBhZTQzOTc0ZDRiNDY4NmFjZWEzYWE2OTdkYjNlMjp7Il9hdXRoX3VzZXJfaGFzaCI6IjRiN2M0OWNlYmY3MTFkYTJkOWZlZTMxZGQzMWNiZjBjNWZkYTU0MTciLCJfYXV0aF91c2VyX2JhY2tlbmQiOiJkamFuZ28uY29udHJpYi5hdXRoLmJhY2tlbmRzLk1vZGVsQmFja2VuZCIsIl9hdXRoX3VzZXJfaWQiOiIxIn0=','2016-09-21 04:40:20'),('399icndgmvrp8ph76jzjcgs86xsg15q8','ZjY1MmI2M2E1M2EwOTBkMDE5MzA5MWIwMmY4ZWIyYjhiYTY4NzEwMDp7Il9hdXRoX3VzZXJfaGFzaCI6IjEzMDAwMDdiMjdmNzQ4MmZlZGFhOWU5ZDUyZTc1MWFlZWVlOTNhMGEiLCJfYXV0aF91c2VyX2JhY2tlbmQiOiJkamFuZ28uY29udHJpYi5hdXRoLmJhY2tlbmRzLk1vZGVsQmFja2VuZCIsIl9hdXRoX3VzZXJfaWQiOiIxIn0=','2016-10-07 05:18:16'),('44kvx4nbrtdvol8b98d9v4q35lge77nw','MjMwMTYzZDFkZjY3NGE0NjBjNDgxYmQ3MzYxMjVhZmQyNTYyOWQ3MDp7Il9hdXRoX3VzZXJfaGFzaCI6IjgwOGRmNDQ0NWJjNGQ2ODBiYmZiNjhlYjY5YTg1MGFjOWI0NWNhYTQiLCJfYXV0aF91c2VyX2JhY2tlbmQiOiJkamFuZ28uY29udHJpYi5hdXRoLmJhY2tlbmRzLk1vZGVsQmFja2VuZCIsIl9hdXRoX3VzZXJfaWQiOiIyIn0=','2016-08-27 13:08:43'),('46sx0z90a7ny1f2jbtjcnhts1pwf03vw','NTNiMGZmYmFlYjBhZTQzOTc0ZDRiNDY4NmFjZWEzYWE2OTdkYjNlMjp7Il9hdXRoX3VzZXJfaGFzaCI6IjRiN2M0OWNlYmY3MTFkYTJkOWZlZTMxZGQzMWNiZjBjNWZkYTU0MTciLCJfYXV0aF91c2VyX2JhY2tlbmQiOiJkamFuZ28uY29udHJpYi5hdXRoLmJhY2tlbmRzLk1vZGVsQmFja2VuZCIsIl9hdXRoX3VzZXJfaWQiOiIxIn0=','2016-09-11 07:17:46'),('5onxt63djtcir4605fldnh6ksqxkbsys','ZjY1MmI2M2E1M2EwOTBkMDE5MzA5MWIwMmY4ZWIyYjhiYTY4NzEwMDp7Il9hdXRoX3VzZXJfaGFzaCI6IjEzMDAwMDdiMjdmNzQ4MmZlZGFhOWU5ZDUyZTc1MWFlZWVlOTNhMGEiLCJfYXV0aF91c2VyX2JhY2tlbmQiOiJkamFuZ28uY29udHJpYi5hdXRoLmJhY2tlbmRzLk1vZGVsQmFja2VuZCIsIl9hdXRoX3VzZXJfaWQiOiIxIn0=','2016-10-07 04:11:07'),('5pa7wmmzot2gyebha2yabtirlv44nble','OGMwY2Y2ZGExZTE5ZWUzNzdlZjljZjk4NzFkNmEwNDhlY2Y4NWIzYTp7Il9hdXRoX3VzZXJfaGFzaCI6ImUwZDQ3YzU5Y2ExYTZiYTBiN2YyMjMzMzZkMzU2MWUzYTk0MTM3YTUiLCJfYXV0aF91c2VyX2JhY2tlbmQiOiJkamFuZ28uY29udHJpYi5hdXRoLmJhY2tlbmRzLk1vZGVsQmFja2VuZCIsIl9hdXRoX3VzZXJfaWQiOiIxIn0=','2016-10-22 10:33:20'),('65gkbz6czpfrjh1yy08nhovmrm5rcw5r','OGMwY2Y2ZGExZTE5ZWUzNzdlZjljZjk4NzFkNmEwNDhlY2Y4NWIzYTp7Il9hdXRoX3VzZXJfaGFzaCI6ImUwZDQ3YzU5Y2ExYTZiYTBiN2YyMjMzMzZkMzU2MWUzYTk0MTM3YTUiLCJfYXV0aF91c2VyX2JhY2tlbmQiOiJkamFuZ28uY29udHJpYi5hdXRoLmJhY2tlbmRzLk1vZGVsQmFja2VuZCIsIl9hdXRoX3VzZXJfaWQiOiIxIn0=','2016-10-22 10:35:58'),('7f3m18ykulgextwhvbx63tv7e6cf3tbn','NTNiMGZmYmFlYjBhZTQzOTc0ZDRiNDY4NmFjZWEzYWE2OTdkYjNlMjp7Il9hdXRoX3VzZXJfaGFzaCI6IjRiN2M0OWNlYmY3MTFkYTJkOWZlZTMxZGQzMWNiZjBjNWZkYTU0MTciLCJfYXV0aF91c2VyX2JhY2tlbmQiOiJkamFuZ28uY29udHJpYi5hdXRoLmJhY2tlbmRzLk1vZGVsQmFja2VuZCIsIl9hdXRoX3VzZXJfaWQiOiIxIn0=','2016-08-22 11:42:37'),('8bmxmhp5irtph43dfuk81se84x97uaqr','OGMwY2Y2ZGExZTE5ZWUzNzdlZjljZjk4NzFkNmEwNDhlY2Y4NWIzYTp7Il9hdXRoX3VzZXJfaGFzaCI6ImUwZDQ3YzU5Y2ExYTZiYTBiN2YyMjMzMzZkMzU2MWUzYTk0MTM3YTUiLCJfYXV0aF91c2VyX2JhY2tlbmQiOiJkamFuZ28uY29udHJpYi5hdXRoLmJhY2tlbmRzLk1vZGVsQmFja2VuZCIsIl9hdXRoX3VzZXJfaWQiOiIxIn0=','2016-10-22 10:20:21'),('8pv1y1x0i7yn4p9cl6y3b2ewhywdxo6u','NTNiMGZmYmFlYjBhZTQzOTc0ZDRiNDY4NmFjZWEzYWE2OTdkYjNlMjp7Il9hdXRoX3VzZXJfaGFzaCI6IjRiN2M0OWNlYmY3MTFkYTJkOWZlZTMxZGQzMWNiZjBjNWZkYTU0MTciLCJfYXV0aF91c2VyX2JhY2tlbmQiOiJkamFuZ28uY29udHJpYi5hdXRoLmJhY2tlbmRzLk1vZGVsQmFja2VuZCIsIl9hdXRoX3VzZXJfaWQiOiIxIn0=','2016-08-20 12:12:24'),('95olvkuwuqvwqvex7idfnkorxopf0w8f','NTNiMGZmYmFlYjBhZTQzOTc0ZDRiNDY4NmFjZWEzYWE2OTdkYjNlMjp7Il9hdXRoX3VzZXJfaGFzaCI6IjRiN2M0OWNlYmY3MTFkYTJkOWZlZTMxZGQzMWNiZjBjNWZkYTU0MTciLCJfYXV0aF91c2VyX2JhY2tlbmQiOiJkamFuZ28uY29udHJpYi5hdXRoLmJhY2tlbmRzLk1vZGVsQmFja2VuZCIsIl9hdXRoX3VzZXJfaWQiOiIxIn0=','2016-09-11 09:32:16'),('9f58irhg1nvrfb18d69s589w4r5xzbmr','NTNiMGZmYmFlYjBhZTQzOTc0ZDRiNDY4NmFjZWEzYWE2OTdkYjNlMjp7Il9hdXRoX3VzZXJfaGFzaCI6IjRiN2M0OWNlYmY3MTFkYTJkOWZlZTMxZGQzMWNiZjBjNWZkYTU0MTciLCJfYXV0aF91c2VyX2JhY2tlbmQiOiJkamFuZ28uY29udHJpYi5hdXRoLmJhY2tlbmRzLk1vZGVsQmFja2VuZCIsIl9hdXRoX3VzZXJfaWQiOiIxIn0=','2016-08-23 09:41:20'),('9v9xyho2j3b0hspp3rd6xo04ph1701xr','YWUxNDYzMjViMThkNDA3NDYxNzJjZTRhNzIyNGYzOTQzMWQ5ZDljYzp7Il9hdXRoX3VzZXJfaGFzaCI6ImM4ZDU3ODc5ZjU0NDA0MzkxNjA5ZGQ5NGQ5NDEzODlmY2YyMDZiYzciLCJfYXV0aF91c2VyX2lkIjoiMSIsIl9hdXRoX3VzZXJfYmFja2VuZCI6ImRqYW5nby5jb250cmliLmF1dGguYmFja2VuZHMuTW9kZWxCYWNrZW5kIn0=','2016-10-20 12:48:39'),('ank5k2m8uc80tgkj4mfsfq7vjoh5ti56','YzE2ZDhiNjk0YWQzNDhmYWFiMzFjNTc2OTNkZGQ5MDc5YjMxYzNjZDp7Il9hdXRoX3VzZXJfYmFja2VuZCI6ImRqYW5nby5jb250cmliLmF1dGguYmFja2VuZHMuTW9kZWxCYWNrZW5kIiwiX2F1dGhfdXNlcl9oYXNoIjoiYzhkNTc4NzlmNTQ0MDQzOTE2MDlkZDk0ZDk0MTM4OWZjZjIwNmJjNyIsIl9hdXRoX3VzZXJfaWQiOiIxIn0=','2016-10-18 19:10:03'),('aymd3o795m0tfdncbn6tfou6q7lsw88b','YThkMWFiNDYxODM2ODMwODAxODMwNGVkNzU4ODBlYmY1YmExMThjZDp7Il9hdXRoX3VzZXJfaGFzaCI6IjEzMDAwMDdiMjdmNzQ4MmZlZGFhOWU5ZDUyZTc1MWFlZWVlOTNhMGEiLCJfYXV0aF91c2VyX2lkIjoiMSIsIl9hdXRoX3VzZXJfYmFja2VuZCI6ImRqYW5nby5jb250cmliLmF1dGguYmFja2VuZHMuTW9kZWxCYWNrZW5kIn0=','2016-10-08 10:38:54'),('bjtun5uc2y3n1et428nt6c8xlqj8o326','YzdmYWU5NjNjNGJiYjI0MTcwMDI5NTgxNDRlNmFmMmQxNzliZTViNzp7Il9hdXRoX3VzZXJfaGFzaCI6IjQzNGUxYTVmOTIwZmQ2YzEwNzVjMDkxNzE5YzdiZjgyYTc4ZGYzMzgiLCJfYXV0aF91c2VyX2JhY2tlbmQiOiJkamFuZ28uY29udHJpYi5hdXRoLmJhY2tlbmRzLk1vZGVsQmFja2VuZCIsIl9hdXRoX3VzZXJfaWQiOiIxIn0=','2016-09-22 12:55:49'),('bwyafr077qjdbka4hnqi2pc3822r8k03','ZjY1MmI2M2E1M2EwOTBkMDE5MzA5MWIwMmY4ZWIyYjhiYTY4NzEwMDp7Il9hdXRoX3VzZXJfaGFzaCI6IjEzMDAwMDdiMjdmNzQ4MmZlZGFhOWU5ZDUyZTc1MWFlZWVlOTNhMGEiLCJfYXV0aF91c2VyX2JhY2tlbmQiOiJkamFuZ28uY29udHJpYi5hdXRoLmJhY2tlbmRzLk1vZGVsQmFja2VuZCIsIl9hdXRoX3VzZXJfaWQiOiIxIn0=','2016-10-06 15:42:12'),('c6d8x5dy6pu5n4aeubiux9kci0xl9rdx','NTNiMGZmYmFlYjBhZTQzOTc0ZDRiNDY4NmFjZWEzYWE2OTdkYjNlMjp7Il9hdXRoX3VzZXJfaGFzaCI6IjRiN2M0OWNlYmY3MTFkYTJkOWZlZTMxZGQzMWNiZjBjNWZkYTU0MTciLCJfYXV0aF91c2VyX2JhY2tlbmQiOiJkamFuZ28uY29udHJpYi5hdXRoLmJhY2tlbmRzLk1vZGVsQmFja2VuZCIsIl9hdXRoX3VzZXJfaWQiOiIxIn0=','2016-09-04 09:37:39'),('cj8x1posipqhqde5esj0k11axkv5c8us','OGMwY2Y2ZGExZTE5ZWUzNzdlZjljZjk4NzFkNmEwNDhlY2Y4NWIzYTp7Il9hdXRoX3VzZXJfaGFzaCI6ImUwZDQ3YzU5Y2ExYTZiYTBiN2YyMjMzMzZkMzU2MWUzYTk0MTM3YTUiLCJfYXV0aF91c2VyX2JhY2tlbmQiOiJkamFuZ28uY29udHJpYi5hdXRoLmJhY2tlbmRzLk1vZGVsQmFja2VuZCIsIl9hdXRoX3VzZXJfaWQiOiIxIn0=','2016-10-22 12:09:38'),('eqeve937i7b3hwj8peusbdgdaj2seyvp','NTNiMGZmYmFlYjBhZTQzOTc0ZDRiNDY4NmFjZWEzYWE2OTdkYjNlMjp7Il9hdXRoX3VzZXJfaGFzaCI6IjRiN2M0OWNlYmY3MTFkYTJkOWZlZTMxZGQzMWNiZjBjNWZkYTU0MTciLCJfYXV0aF91c2VyX2JhY2tlbmQiOiJkamFuZ28uY29udHJpYi5hdXRoLmJhY2tlbmRzLk1vZGVsQmFja2VuZCIsIl9hdXRoX3VzZXJfaWQiOiIxIn0=','2016-08-13 15:15:38'),('f5ty0bhta7y2lu1c4r45ny6q1iw3sfwb','YzdmYWU5NjNjNGJiYjI0MTcwMDI5NTgxNDRlNmFmMmQxNzliZTViNzp7Il9hdXRoX3VzZXJfaGFzaCI6IjQzNGUxYTVmOTIwZmQ2YzEwNzVjMDkxNzE5YzdiZjgyYTc4ZGYzMzgiLCJfYXV0aF91c2VyX2JhY2tlbmQiOiJkamFuZ28uY29udHJpYi5hdXRoLmJhY2tlbmRzLk1vZGVsQmFja2VuZCIsIl9hdXRoX3VzZXJfaWQiOiIxIn0=','2016-09-23 12:34:35'),('fqtdbf4ni5ogthitz6dqrus637p96t7r','NTNiMGZmYmFlYjBhZTQzOTc0ZDRiNDY4NmFjZWEzYWE2OTdkYjNlMjp7Il9hdXRoX3VzZXJfaGFzaCI6IjRiN2M0OWNlYmY3MTFkYTJkOWZlZTMxZGQzMWNiZjBjNWZkYTU0MTciLCJfYXV0aF91c2VyX2JhY2tlbmQiOiJkamFuZ28uY29udHJpYi5hdXRoLmJhY2tlbmRzLk1vZGVsQmFja2VuZCIsIl9hdXRoX3VzZXJfaWQiOiIxIn0=','2016-09-03 05:52:49'),('jfchjvb6nsgnfnyrp27pcroqwgr4bzzb','YzE2ZDhiNjk0YWQzNDhmYWFiMzFjNTc2OTNkZGQ5MDc5YjMxYzNjZDp7Il9hdXRoX3VzZXJfYmFja2VuZCI6ImRqYW5nby5jb250cmliLmF1dGguYmFja2VuZHMuTW9kZWxCYWNrZW5kIiwiX2F1dGhfdXNlcl9oYXNoIjoiYzhkNTc4NzlmNTQ0MDQzOTE2MDlkZDk0ZDk0MTM4OWZjZjIwNmJjNyIsIl9hdXRoX3VzZXJfaWQiOiIxIn0=','2016-10-18 10:19:37'),('k8hccwzys7sjvj1vsbeavdbre0834am2','NTNiMGZmYmFlYjBhZTQzOTc0ZDRiNDY4NmFjZWEzYWE2OTdkYjNlMjp7Il9hdXRoX3VzZXJfaGFzaCI6IjRiN2M0OWNlYmY3MTFkYTJkOWZlZTMxZGQzMWNiZjBjNWZkYTU0MTciLCJfYXV0aF91c2VyX2JhY2tlbmQiOiJkamFuZ28uY29udHJpYi5hdXRoLmJhY2tlbmRzLk1vZGVsQmFja2VuZCIsIl9hdXRoX3VzZXJfaWQiOiIxIn0=','2016-09-04 09:23:17'),('lv10cggpc43l7aytr7afzpsaysvfkbsh','NTNiMGZmYmFlYjBhZTQzOTc0ZDRiNDY4NmFjZWEzYWE2OTdkYjNlMjp7Il9hdXRoX3VzZXJfaGFzaCI6IjRiN2M0OWNlYmY3MTFkYTJkOWZlZTMxZGQzMWNiZjBjNWZkYTU0MTciLCJfYXV0aF91c2VyX2JhY2tlbmQiOiJkamFuZ28uY29udHJpYi5hdXRoLmJhY2tlbmRzLk1vZGVsQmFja2VuZCIsIl9hdXRoX3VzZXJfaWQiOiIxIn0=','2016-08-23 13:01:23'),('muegnvnw2m7ly0metrejuxnetth0u6uz','OGMwY2Y2ZGExZTE5ZWUzNzdlZjljZjk4NzFkNmEwNDhlY2Y4NWIzYTp7Il9hdXRoX3VzZXJfaGFzaCI6ImUwZDQ3YzU5Y2ExYTZiYTBiN2YyMjMzMzZkMzU2MWUzYTk0MTM3YTUiLCJfYXV0aF91c2VyX2JhY2tlbmQiOiJkamFuZ28uY29udHJpYi5hdXRoLmJhY2tlbmRzLk1vZGVsQmFja2VuZCIsIl9hdXRoX3VzZXJfaWQiOiIxIn0=','2016-10-22 10:33:26'),('ngw5v4xg24bgpcrpu5it7q64dovtso4d','OGMwY2Y2ZGExZTE5ZWUzNzdlZjljZjk4NzFkNmEwNDhlY2Y4NWIzYTp7Il9hdXRoX3VzZXJfaGFzaCI6ImUwZDQ3YzU5Y2ExYTZiYTBiN2YyMjMzMzZkMzU2MWUzYTk0MTM3YTUiLCJfYXV0aF91c2VyX2JhY2tlbmQiOiJkamFuZ28uY29udHJpYi5hdXRoLmJhY2tlbmRzLk1vZGVsQmFja2VuZCIsIl9hdXRoX3VzZXJfaWQiOiIxIn0=','2016-10-22 10:33:41'),('nyq0a7wz6cwi807tleoawomwd8gtx3jk','YzE2ZDhiNjk0YWQzNDhmYWFiMzFjNTc2OTNkZGQ5MDc5YjMxYzNjZDp7Il9hdXRoX3VzZXJfYmFja2VuZCI6ImRqYW5nby5jb250cmliLmF1dGguYmFja2VuZHMuTW9kZWxCYWNrZW5kIiwiX2F1dGhfdXNlcl9oYXNoIjoiYzhkNTc4NzlmNTQ0MDQzOTE2MDlkZDk0ZDk0MTM4OWZjZjIwNmJjNyIsIl9hdXRoX3VzZXJfaWQiOiIxIn0=','2016-10-13 14:49:53'),('tnfuenb4k2w7rp4fucyzjikupogqjopg','NTNiMGZmYmFlYjBhZTQzOTc0ZDRiNDY4NmFjZWEzYWE2OTdkYjNlMjp7Il9hdXRoX3VzZXJfaGFzaCI6IjRiN2M0OWNlYmY3MTFkYTJkOWZlZTMxZGQzMWNiZjBjNWZkYTU0MTciLCJfYXV0aF91c2VyX2JhY2tlbmQiOiJkamFuZ28uY29udHJpYi5hdXRoLmJhY2tlbmRzLk1vZGVsQmFja2VuZCIsIl9hdXRoX3VzZXJfaWQiOiIxIn0=','2016-08-23 12:32:20'),('uilxj9po5rjqd5jp67kp39dhr261o245','NTNiMGZmYmFlYjBhZTQzOTc0ZDRiNDY4NmFjZWEzYWE2OTdkYjNlMjp7Il9hdXRoX3VzZXJfaGFzaCI6IjRiN2M0OWNlYmY3MTFkYTJkOWZlZTMxZGQzMWNiZjBjNWZkYTU0MTciLCJfYXV0aF91c2VyX2JhY2tlbmQiOiJkamFuZ28uY29udHJpYi5hdXRoLmJhY2tlbmRzLk1vZGVsQmFja2VuZCIsIl9hdXRoX3VzZXJfaWQiOiIxIn0=','2016-09-03 06:16:15'),('v4greb2ud2x9h66lwuetmh7k7dfo6cuh','YzdmYWU5NjNjNGJiYjI0MTcwMDI5NTgxNDRlNmFmMmQxNzliZTViNzp7Il9hdXRoX3VzZXJfaGFzaCI6IjQzNGUxYTVmOTIwZmQ2YzEwNzVjMDkxNzE5YzdiZjgyYTc4ZGYzMzgiLCJfYXV0aF91c2VyX2JhY2tlbmQiOiJkamFuZ28uY29udHJpYi5hdXRoLmJhY2tlbmRzLk1vZGVsQmFja2VuZCIsIl9hdXRoX3VzZXJfaWQiOiIxIn0=','2016-09-23 07:56:46'),('x784oiy4d1l62obwrg90ogl9lrip3tuf','YTVkZGRmYmZmNzU0M2RmZWM3ZDgzYWMwOGE1NzIzMjgxODljNmM3NDp7Il9hdXRoX3VzZXJfaGFzaCI6ImM4ZDU3ODc5ZjU0NDA0MzkxNjA5ZGQ5NGQ5NDEzODlmY2YyMDZiYzciLCJfYXV0aF91c2VyX2JhY2tlbmQiOiJkamFuZ28uY29udHJpYi5hdXRoLmJhY2tlbmRzLk1vZGVsQmFja2VuZCIsIl9hdXRoX3VzZXJfaWQiOiIxIn0=','2016-10-21 17:40:20');
/*!40000 ALTER TABLE `django_session` ENABLE KEYS */;
UNLOCK TABLES;
/*!40103 SET TIME_ZONE=@OLD_TIME_ZONE */;

/*!40101 SET SQL_MODE=@OLD_SQL_MODE */;
/*!40014 SET FOREIGN_KEY_CHECKS=@OLD_FOREIGN_KEY_CHECKS */;
/*!40014 SET UNIQUE_CHECKS=@OLD_UNIQUE_CHECKS */;
/*!40101 SET CHARACTER_SET_CLIENT=@OLD_CHARACTER_SET_CLIENT */;
/*!40101 SET CHARACTER_SET_RESULTS=@OLD_CHARACTER_SET_RESULTS */;
/*!40101 SET COLLATION_CONNECTION=@OLD_COLLATION_CONNECTION */;
/*!40111 SET SQL_NOTES=@OLD_SQL_NOTES */;

-- Dump completed on 2016-10-08 19:27:43
